Vorname,Anzahl,Geschlecht
Leon,107,m
Maximilian,105,m
Emilia,89,w
Paul,89,m
Noah,83,m
Anton,80,m
Jakob,80,m
Felix,78,m
Leo,74,m
Elias,72,m
Emma,71,w
Jonas,70,m
Mia,70,w
Mila,67,w
Marie,66,w
Liam,65,m
Lea,63,w
Charlotte,61,w
Luca,61,m
David,60,m
Ludwig,60,m
Theodor,58,m
Emil,57,m
Lina,57,w
Sophia,57,w
Lukas,56,m
Valentin,56,m
Clara,55,w
Theo,54,m
Antonia,53,w
Levi,53,m
Luisa,53,w
Sofia,53,w
Olivia,52,w
Sophie,52,w
Anna,51,w
Emily,51,w
Julian,51,m
Lara,51,w
Luis,50,m
Oskar,50,m
Amelie,48,w
Matteo,48,m
Jonathan,47,m
Lena,47,w
Louis,47,m
Moritz,47,m
Alexander,46,m
Elena,46,w
Nora,46,w
Leonie,45,w
Vincent,45,m
Ella,44,w
Paula,44,w
Ben,43,m
Benjamin,43,m
Samuel,43,m
Hanna,42,w
Helena,42,w
Maria,40,w
Henry,39,m
Ida,39,w
Johanna,39,w
Frida,38,w
Mathilda,38,w
Laura,36,w
Luna,36,w
Valentina,36,w
Alma,35,w
Leni,35,w
Luka,35,m
Daniel,34,m
Leonardo,34,m
Ferdinand,33,m
Rafael,33,m
Carlo,32,m
Konstantin,32,m
Adam,31,m
Cleo,31,w
Hannah,31,w
Lia,31,w
Linus,31,m
Amalia,30,w
Finn,30,m
Gabriel,30,m
Isabella,30,w
Marlene,30,w
Maya,30,w
Ava,29,w
Elisa,29,w
Matilda,29,w
Philipp,29,m
Romy,29,w
Sara,29,w
Max,28,m
Raphael,28,m
Leopold,27,m
Victoria,27,w
Julia,26,w
Leonard,26,m
Milan,26,m
Nina,26,w
Zoe,26,w
Malik,25,m
Toni,25,m
Carl,24,m
Jonah,24,m
Kian,24,m
Louisa,24,w
Milo,24,m
Niklas,24,m
Adrian,23,m
Alina,23,w
Elisabeth,23,w
Fabian,23,m
Kilian,23,m
Paulina,23,w
Carlotta,22,w
Elina,22,w
Emilio,22,m
Frieda,22,w
Hana,22,w
Henri,22,m
Maja,22,w
Mateo,22,m
Ada,21,w
Joshua,21,m
Julius,21,m
Livia,21,w
Nicolas,21,m
Sarah,21,w
Ayla,20,w
Hamza,20,m
Lotta,20,w
Amar,19,m
Aras,19,m
Aurelia,19,w
Benedikt,19,m
Carla,19,w
Franz,19,m
Magdalena,19,w
Rosalie,19,w
Simon,19,m
Tim,19,m
Xaver,19,m
Aurora,18,w
Dua,18,w
Johann,18,m
Karl,18,m
Lorenz,18,m
Michael,18,m
Mira,18,w
Noel,18,m
Stella,18,w
Arthur,17,m
Lilly,17,w
Linda,17,w
Lisa,17,w
Luise,17,w
Mara,17,w
Rosa,17,w
Sebastian,17,m
Thea,17,w
Viktoria,17,w
Alba,16,w
Alva,16,w
Chiara,16,w
Fiona,16,w
Ilyas,16,m
Levin,16,m
Malia,16,w
Marlon,16,m
Aaron,15,m
Anastasia,15,w
Elian,15,m
Filip,15,m
Freya,15,w
Jan,15,m
Jana,15,w
Jona,15,m
Josefine,15,w
Josephine,15,w
Klara,15,w
Mohammad,15,m
Oscar,15,m
Philippa,15,w
Zayn,15,m
Caspar,14,m
Constantin,14,m
Eva,14,w
Fritz,14,m
Ivan,14,m
Liya,14,w
Melina,14,w
Mina,14,w
Nico,14,m
Pauline,14,w
Rayan,14,m
Timo,14,m
Alice,13,w
Amina,13,w
Amira,13,w
Arian,13,m
Diana,13,w
Dominik,13,m
Ema,13,w
Flora,13,w
Florian,13,m
Franziska,13,w
Frederik,13,m
Jacob,13,m
Jasmin,13,w
Johannes,13,m
Liv,13,w
Martin,13,m
Neo,13,m
Oliver,13,m
Tara,13,w
Theresa,13,w
Viola,13,w
Amir,12,m
Ayaz,12,m
Elia,12,m
Enno,12,m
Jannis,12,m
Lucas,12,m
Malea,12,w
Malina,12,w
Maxim,12,m
Miriam,12,w
Nathan,12,m
Tobias,12,m
Tom,12,m
Victor,12,m
Ali,11,m
Alisa,11,w
Amelia,11,w
Bilal,11,m
Elif,11,w
Emanuel,11,m
Felicia,11,w
Isabel,11,w
Jasper,11,m
Josef,11,m
Malou,11,w
Meryem,11,w
Mika,11,m
Milena,11,w
Quirin,11,m
Thomas,11,m
Valeria,11,w
Valerie,11,w
Aliya,10,w
Antonio,10,m
Dalia,10,w
Elise,10,w
Felicitas,10,w
Hannes,10,m
Ibrahim,10,m
Isa,10,m
Joel,10,m
Karla,10,w
Laurin,10,m
Lennard,10,m
Lian,10,m
Lio,10,m
Lorena,10,w
Luan,10,m
Lucia,10,w
Mariam,10,w
Mark,10,m
Matti,10,m
Mikail,10,m
Muhammad,10,m
Musa,10,m
Nele,10,w
Noa,10,m
Noemi,10,w
Pia,10,w
Roman,10,m
Ronja,10,w
Abdullah,9,m
Adem,9,m
Alex,9,m
Annika,9,w
Aron,9,m
Benno,9,m
Esma,9,w
Finja,9,w
Friedrich,9,m
Fritzi,9,w
Heidi,9,w
Juna,9,w
Lazar,9,m
Leander,9,m
Leonhard,9,m
Liana,9,w
Lilli,9,w
Lola,9,w
Marija,9,w
Marta,9,w
Martha,9,w
Muhammed,9,m
Nael,9,m
Omar,9,m
Rita,9,w
Stefan,9,m
Teo,9,m
Vito,9,m
Ahmed,8,m
Alexandra,8,w
Alicia,8,w
Asya,8,w
August,8,m
Bruno,8,m
Carolina,8,w
Dani,8,m
Diego,8,m
Ela,8,w
Eliana,8,w
Elio,8,m
Emir,8,m
Gustav,8,m
Hira,8,w
Ina,8,w
Kaan,8,m
Katharina,8,w
Laurenz,8,m
Leano,8,m
Leyla,8,w
Lily,8,w
Lion,8,m
Lionel,8,m
Lou,8,w
Louise,8,w
Luana,8,w
Marko,8,m
Marla,8,w
Matthias,8,m
Melissa,8,w
Miran,8,m
Mona,8,w
Niko,8,m
Nino,8,m
Noar,8,m
Otto,8,m
Pablo,8,m
Philip,8,m
Robin,8,m
Tilda,8,w
Una,8,w
Vera,8,w
Yara,8,w
Aisha,7,w
Alena,7,w
Alia,7,w
Amélie,7,w
Ana,7,w
Andrea,7,w
Andrej,7,m
Arda,7,m
Aria,7,w
Ariana,7,w
Can,7,m
Christina,7,w
Cosima,7,w
Cosmo,7,m
Eleni,7,w
Elin,7,w
Enes,7,m
Eric,7,m
Erik,7,m
Fatima,7,w
Giulia,7,w
Harun,7,m
Hugo,7,m
Imran,7,m
Iris,7,w
Kira,7,w
Lana,7,w
Leandro,7,m
Leonora,7,w
Lino,7,m
Lotte,7,w
Mads,7,m
Mahir,7,m
Mariella,7,w
Maryam,7,w
Mathea,7,w
Mats,7,m
Merle,7,w
Nika,7,w
Ophelia,7,w
Robert,7,m
Sami,7,m
Tamara,7,w
Valentino,7,m
Veronika,7,w
Viktor,7,m
Zain,7,m
Zeynep,7,w
Ahmad,6,m
Alan,6,m
Alessia,6,w
Anouk,6,w
Artur,6,m
Christian,6,m
Daria,6,w
Eleonora,6,w
Eliah,6,m
Ellie,6,w
Emilie,6,w
Emin,6,m
Florentin,6,m
Gabriela,6,w
Helen,6,w
Idris,6,m
Inaya,6,w
Iva,6,w
Jakub,6,m
Karlo,6,m
Kiara,6,w
Kiyan,6,m
Korbinian,6,m
Lasse,6,m
Leandra,6,w
Leia,6,w
Lilia,6,w
Liyana,6,w
Lorenzo,6,m
Lucía,6,w
Madeleine,6,w
Malek,6,m
Manuel,6,m
Marin,6,m
Marina,6,w
Matej,6,m
Mayla,6,w
Mohamed,6,m
Mohammed,6,m
Nelio,6,m
Nikola,6,m
Ole,6,m
Ömer,6,m
Osman,6,m
Penelope,6,w
Ruby,6,w
Selin,6,w
Selma,6,w
Sena,6,w
Sofija,6,w
Tiago,6,m
William,6,m
Wilma,6,w
Yasin,6,m
Yusuf,6,m
Adian,5,m
Adriana,5,w
Alexis,5,m
Amadeus,5,m
Amaya,5,w
Amila,5,w
Amra,5,w
Andreas,5,m
Aren,5,m
Ari,5,m
Armin,5,m
Aslan,5,m
Athena,5,w
Aya,5,w
Ayra,5,w
Azra,5,w
Bastian,5,m
Bo,5,m
Bogdan,5,m
Carolin,5,w
Casper,5,m
Cecilia,5,w
Celine,5,w
Céline,5,w
Charlie,5,m
Clemens,5,m
Damian,5,m
Darian,5,m
Dominic,5,m
Dorian,5,m
Eda,5,w
Edgar,5,m
Elsa,5,w
Emilian,5,m
Emmy,5,w
Enzo,5,m
Franka,5,w
Frederick,5,m
Fridolin,5,m
Gaia,5,w
Georgios,5,m
Gloria,5,w
Greta,5,w
Helene,5,w
Henrik,5,m
Ian,5,m
Ismail,5,m
Ivano,5,m
James,5,m
Jara,5,w
Jon,5,m
Josip,5,m
Juli,5,w
Karan,5,m
Karim,5,m
Kaspar,5,m
Kaya,5,w
Kristian,5,m
Laetitia,5,w
Lars,5,m
Leonidas,5,m
Lilith,5,w
Magnus,5,m
Maksim,5,m
Mathias,5,m
Matilde,5,w
Mattea,5,w
Mattia,5,m
Medina,5,w
Melisa,5,w
Mert,5,m
Mihajlo,5,m
Mihra,5,w
Mio,5,m
Miray,5,w
Nefeli,5,w
Nicolás,5,m
Nila,5,w
Nola,5,w
Nura,5,w
Patrick,5,m
Peter,5,m
Philomena,5,w
Sam,5,m
Selina,5,w
Talia,5,w
Teodor,5,m
Till,5,m
Tino,5,m
Troi,5,m
Vivienne,5,w
Willi,5,m
Youssef,5,m
Zahra,5,w
Zoé,5,w
Aadhvika,4 oder weniger,w
Aadhya,4 oder weniger,w
Aadi,4 oder weniger,m
Aadishree,4 oder weniger,w
Aadith,4 oder weniger,m
Aaditri,4 oder weniger,w
Aadvik,4 oder weniger,m
Aadya,4 oder weniger,w
Aadyashri,4 oder weniger,w
Aahil,4 oder weniger,m
Aaliya,4 oder weniger,w
Aaliyah,4 oder weniger,w
Aaliyan,4 oder weniger,m
Aarav,4 oder weniger,m
Aaren,4 oder weniger,m
Aarna,4 oder weniger,w
Aarvi,4 oder weniger,w
Aarya,4 oder weniger,w
Aashvi,4 oder weniger,w
Aava,4 oder weniger,w
Aayra,4 oder weniger,w
Abas,4 oder weniger,m
Abbas,4 oder weniger,m
Abby,4 oder weniger,w
Abby-Luna,4 oder weniger,w
Abd,4 oder weniger,m
Abdalla,4 oder weniger,m
Abdimuheymin,4 oder weniger,m
Abdirahman,4 oder weniger,m
Abdollah,4 oder weniger,m
Abdul,4 oder weniger,m
Abdulahi,4 oder weniger,m
Abdulaziz,4 oder weniger,m
Abdulhamid,4 oder weniger,m
Abdülhamid,4 oder weniger,m
Abdullai,4 oder weniger,m
Abdulmahjid,4 oder weniger,w
Abdurrahman,4 oder weniger,m
Abeer,4 oder weniger,m
Abenezer,4 oder weniger,m
Abhiram,4 oder weniger,m
Abigail,4 oder weniger,w
Abiha,4 oder weniger,w
Abir,4 oder weniger,w
Abubakar,4 oder weniger,m
Abylai,4 oder weniger,m
Achille,4 oder weniger,m
Achilleas,4 oder weniger,m
Adanna,4 oder weniger,w
Adar,4 oder weniger,w
Addie,4 oder weniger,w
Adea,4 oder weniger,w
Adél,4 oder weniger,w
Adele,4 oder weniger,w
Adelina,4 oder weniger,w
Adeline,4 oder weniger,w
Adetoke,4 oder weniger,w
Adham,4 oder weniger,m
Adhiran,4 oder weniger,m
Adi,4 oder weniger,m
Adiar,4 oder weniger,m
Adile,4 oder weniger,w
Adin,4 oder weniger,m
Adina,4 oder weniger,w
Adis,4 oder weniger,m
Adja,4 oder weniger,w
Adla,4 oder weniger,w
Adna,4 oder weniger,w
Adnan,4 oder weniger,m
Adni,4 oder weniger,m
Adonai,4 oder weniger,m
Adonay,4 oder weniger,m
Adrián,4 oder weniger,m
Adriano,4 oder weniger,m
Adriel,4 oder weniger,m
Adrien,4 oder weniger,m
Adrijan,4 oder weniger,m
Advaith,4 oder weniger,m
Advik,4 oder weniger,m
Aelia,4 oder weniger,w
Aëlynn,4 oder weniger,w
Aemilia,4 oder weniger,w
Aeneas,4 oder weniger,m
Afet,4 oder weniger,m
Afnaan,4 oder weniger,w
Afnane,4 oder weniger,w
Afra,4 oder weniger,w
Agapi,4 oder weniger,w
Agasthya,4 oder weniger,m
Agastya,4 oder weniger,m
Aggelos,4 oder weniger,m
Agnes,4 oder weniger,w
Agni,4 oder weniger,m
Agustín,4 oder weniger,m
Ahmet,4 oder weniger,m
Ahniia,4 oder weniger,w
Ahsab,4 oder weniger,m
Ahu,4 oder weniger,w
Ahura,4 oder weniger,m
Ahyan,4 oder weniger,m
Aïcha,4 oder weniger,w
Aid,4 oder weniger,m
Aiden,4 oder weniger,m
Ailee,4 oder weniger,w
Ailey,4 oder weniger,w
Aiman,4 oder weniger,m
Aimee,4 oder weniger,w
Aimo,4 oder weniger,m
Aira,4 oder weniger,w
Aires,4 oder weniger,m
Airis,4 oder weniger,w
Aisa,4 oder weniger,w
Aiša,4 oder weniger,w
Aitor,4 oder weniger,m
Aiyan,4 oder weniger,m
Aiyla,4 oder weniger,w
Aiza,4 oder weniger,w
Ajan,4 oder weniger,m
Ajas,4 oder weniger,m
Ajdin,4 oder weniger,m
Ajiri,4 oder weniger,m
Ajla,4 oder weniger,w
Ajlan,4 oder weniger,m
Ajlin,4 oder weniger,w
Ajnur,4 oder weniger,m
Akari,4 oder weniger,w
Akay,4 oder weniger,m
Akeem,4 oder weniger,m
Akgün,4 oder weniger,m
Akil,4 oder weniger,m
Akın,4 oder weniger,m
Ákos,4 oder weniger,m
Akram,4 oder weniger,m
Akshvi,4 oder weniger,w
Alaa,4 oder weniger,w
Alaia,4 oder weniger,w
Alaïa,4 oder weniger,w
Alaira,4 oder weniger,w
Alani,4 oder weniger,w
Alanoud,4 oder weniger,w
Alara,4 oder weniger,w
Alban,4 oder weniger,m
Albert,4 oder weniger,m
Albert-Alexandru,4 oder weniger,m
Albesa,4 oder weniger,w
Aldin,4 oder weniger,m
Aldon,4 oder weniger,m
Alea,4 oder weniger,w
Aléa,4 oder weniger,w
Alecia,4 oder weniger,w
Aleena,4 oder weniger,w
Alei,4 oder weniger,m
Aleina,4 oder weniger,w
Alejna,4 oder weniger,w
Aleks,4 oder weniger,m
Aleksa,4 oder weniger,m
Aleksandar,4 oder weniger,m
Aleksandra,4 oder weniger,w
Aleksei,4 oder weniger,m
Aleksej,4 oder weniger,m
Alen,4 oder weniger,m
Alend,4 oder weniger,m
Alessa,4 oder weniger,w
Alessandra,4 oder weniger,w
Alessandro,4 oder weniger,m
Alessio,4 oder weniger,m
Alessio-Santo,4 oder weniger,m
Alex,4 oder weniger,w
Alexandr,4 oder weniger,m
Alexandra-Proia,4 oder weniger,w
Alexandre,4 oder weniger,m
Alexandros,4 oder weniger,m
Alexandru,4 oder weniger,m
Alexey,4 oder weniger,m
Alexia-Alexandra,4 oder weniger,w
Alexios,4 oder weniger,m
Alexis,4 oder weniger,w
Aleyla,4 oder weniger,w
Aleyna,4 oder weniger,w
Aleyna-Maryam,4 oder weniger,w
Alfie,4 oder weniger,m
Alfons,4 oder weniger,m
Alfred,4 oder weniger,m
Alica,4 oder weniger,w
Alieu,4 oder weniger,m
Alija,4 oder weniger,m
Alika,4 oder weniger,w
Aliki,4 oder weniger,w
Alima,4 oder weniger,w
Alin,4 oder weniger,w
Aline,4 oder weniger,w
Aliona,4 oder weniger,w
Alis,4 oder weniger,w
Alisah,4 oder weniger,w
Alisha,4 oder weniger,w
Alissa,4 oder weniger,w
Alita,4 oder weniger,w
Aliyah,4 oder weniger,w
Aliyan,4 oder weniger,m
Aliza,4 oder weniger,w
Alizé,4 oder weniger,w
Alizée,4 oder weniger,w
Aljoša,4 oder weniger,m
Allan,4 oder weniger,m
Allegra,4 oder weniger,w
Allegria,4 oder weniger,w
Ally,4 oder weniger,w
Almila,4 oder weniger,w
Almin,4 oder weniger,m
Almira,4 oder weniger,w
Almis,4 oder weniger,m
Almut,4 oder weniger,w
Alois,4 oder weniger,m
Alonja,4 oder weniger,w
Aloys,4 oder weniger,m
Alp,4 oder weniger,m
Alpacino,4 oder weniger,m
Alparslan,4 oder weniger,m
Alparslan-Ayaz,4 oder weniger,m
Alpaslan,4 oder weniger,m
Alpay,4 oder weniger,m
Alper,4 oder weniger,m
Alsion,4 oder weniger,m
Altay,4 oder weniger,m
Altea,4 oder weniger,w
Alvaressio,4 oder weniger,m
Alvaro,4 oder weniger,m
Álvaro,4 oder weniger,m
Alvina,4 oder weniger,w
Alwin,4 oder weniger,m
Alya,4 oder weniger,w
Alyna,4 oder weniger,w
Alyson,4 oder weniger,w
Alyssa,4 oder weniger,w
Alžbeta,4 oder weniger,w
Amadou,4 oder weniger,m
Amaia,4 oder weniger,w
Amaja,4 oder weniger,w
Amal,4 oder weniger,w
Amalie,4 oder weniger,w
Amana,4 oder weniger,w
Amanda,4 oder weniger,w
Amani,4 oder weniger,w
Amara,4 oder weniger,w
Amarah,4 oder weniger,w
Amari,4 oder weniger,w
Amaris,4 oder weniger,m
Amaru,4 oder weniger,m
Amav,4 oder weniger,m
Amay,4 oder weniger,m
Amayra,4 oder weniger,w
Amdiyah,4 oder weniger,w
Amedea-Elissa,4 oder weniger,w
Ameer,4 oder weniger,m
Amel,4 oder weniger,m
Amela,4 oder weniger,w
Amelie-Sofie,4 oder weniger,w
Amelie-Sophie,4 oder weniger,w
Amelio,4 oder weniger,m
Amely,4 oder weniger,w
Amen,4 oder weniger,w
Amia,4 oder weniger,w
Amiira,4 oder weniger,w
Amilia,4 oder weniger,w
Amin,4 oder weniger,m
Aminah,4 oder weniger,w
Amine,4 oder weniger,w
Ammar,4 oder weniger,m
Amna,4 oder weniger,w
Amora,4 oder weniger,w
Amos,4 oder weniger,m
Amr,4 oder weniger,m
Amram,4 oder weniger,m
Amran,4 oder weniger,w
An,4 oder weniger,w
Anabella,4 oder weniger,w
Anais,4 oder weniger,w
Anando,4 oder weniger,m
Ananya,4 oder weniger,w
Anas,4 oder weniger,m
Anastasia-Sofia,4 oder weniger,w
Anastasija,4 oder weniger,w
Anastasios,4 oder weniger,m
Anastazia,4 oder weniger,w
Anat,4 oder weniger,w
Anaya,4 oder weniger,w
Anays,4 oder weniger,w
Anays-Sophya,4 oder weniger,w
Anđela,4 oder weniger,w
Andja,4 oder weniger,w
Andjela,4 oder weniger,w
Andjelina,4 oder weniger,w
Andre,4 oder weniger,m
André,4 oder weniger,m
Andrea,4 oder weniger,m
Andrei,4 oder weniger,m
Andreo,4 oder weniger,m
Andrian,4 oder weniger,m
Andrii,4 oder weniger,m
Andrin,4 oder weniger,m
Andy,4 oder weniger,m
Andzhelina,4 oder weniger,w
Anel,4 oder weniger,m
Anela,4 oder weniger,w
Anelia,4 oder weniger,w
Anes,4 oder weniger,m
Anesa,4 oder weniger,w
Aneto,4 oder weniger,m
Anfas,4 oder weniger,w
Angel,4 oder weniger,w
Angel,4 oder weniger,m
Ángel,4 oder weniger,m
Angela,4 oder weniger,w
Angelika,4 oder weniger,w
Angelina,4 oder weniger,w
Angelique,4 oder weniger,w
Angelo,4 oder weniger,m
Angelos,4 oder weniger,m
Anh,4 oder weniger,w
Anhelina,4 oder weniger,w
Ani,4 oder weniger,w
Anian,4 oder weniger,m
Anik,4 oder weniger,m
Anika,4 oder weniger,w
Anir,4 oder weniger,m
Aniruddh,4 oder weniger,m
Anisa,4 oder weniger,w
Anita,4 oder weniger,w
Anja,4 oder weniger,w
Anka,4 oder weniger,w
Anker,4 oder weniger,m
Anmay,4 oder weniger,m
Anmol,4 oder weniger,m
Annabel,4 oder weniger,w
Annabell,4 oder weniger,w
Annabella,4 oder weniger,w
Annabelle,4 oder weniger,w
Annaël,4 oder weniger,m
Annalena,4 oder weniger,w
Anna-Lena,4 oder weniger,w
Annalisa,4 oder weniger,w
Annamaria,4 oder weniger,w
Anna-Maria,4 oder weniger,w
Anna-Marie,4 oder weniger,w
Annapurna,4 oder weniger,w
Anna-Schahla,4 oder weniger,w
Anna-Soleil,4 oder weniger,w
Anna-Sophia,4 oder weniger,w
Anna-Sophie,4 oder weniger,w
Anne,4 oder weniger,w
Annelie,4 oder weniger,w
Anneliese,4 oder weniger,w
Annelise,4 oder weniger,w
Anne-Marie,4 oder weniger,w
Anni,4 oder weniger,w
Annie,4 oder weniger,w
Annina,4 oder weniger,w
Ann-Sophie,4 oder weniger,w
Anor,4 oder weniger,m
Anoush,4 oder weniger,w
Ansel,4 oder weniger,m
Anselm,4 oder weniger,m
Anshii,4 oder weniger,w
Anshika,4 oder weniger,w
Anskar,4 oder weniger,m
Ante,4 oder weniger,m
Antea,4 oder weniger,w
Anto,4 oder weniger,m
Antonij,4 oder weniger,m
Antonija,4 oder weniger,w
Antonino,4 oder weniger,m
Antonios,4 oder weniger,m
Antonius,4 oder weniger,m
Antony,4 oder weniger,m
Anuar,4 oder weniger,m
Anusha,4 oder weniger,w
Anwitha,4 oder weniger,w
Anya,4 oder weniger,w
Anze,4 oder weniger,m
Aparaajitha,4 oder weniger,w
Apollonia,4 oder weniger,w
Aratna,4 oder weniger,w
Araz,4 oder weniger,m
Ardahan,4 oder weniger,m
Ardian,4 oder weniger,m
Ardior,4 oder weniger,m
Ardisiya,4 oder weniger,w
Areen,4 oder weniger,m
Arel,4 oder weniger,m
Ares,4 oder weniger,m
Arhaan,4 oder weniger,m
Arham,4 oder weniger,m
Aria,4 oder weniger,m
Ariadne,4 oder weniger,w
Ariane,4 oder weniger,w
Arianna,4 oder weniger,w
Arian-Nibras,4 oder weniger,m
Ariel,4 oder weniger,m
Arif,4 oder weniger,m
Arijan,4 oder weniger,m
Arika,4 oder weniger,w
Arin,4 oder weniger,m
Arina,4 oder weniger,w
Arini,4 oder weniger,w
Arion,4 oder weniger,m
Aris,4 oder weniger,m
Arish,4 oder weniger,m
Arison,4 oder weniger,m
Arivière,4 oder weniger,w
Ariwan,4 oder weniger,m
Ariya,4 oder weniger,w
Arjen,4 oder weniger,m
Arjon,4 oder weniger,m
Arjun,4 oder weniger,m
Arkan,4 oder weniger,m
Arlo,4 oder weniger,m
Armaan,4 oder weniger,m
Arman,4 oder weniger,m
Armand,4 oder weniger,m
Armina,4 oder weniger,w
Arnaldo,4 oder weniger,m
Arne,4 oder weniger,m
Arnid,4 oder weniger,m
Arno,4 oder weniger,m
Arnošt,4 oder weniger,m
Áron,4 oder weniger,m
Arsen,4 oder weniger,m
Arseniiy,4 oder weniger,m
Arsenije,4 oder weniger,m
Arseniy,4 oder weniger,m
Arshia,4 oder weniger,w
Arshil,4 oder weniger,m
Arslan,4 oder weniger,m
Art,4 oder weniger,m
Artam,4 oder weniger,m
Artem,4 oder weniger,m
Artemi,4 oder weniger,m
Artemis,4 oder weniger,w
Artemisa,4 oder weniger,w
Artemiy,4 oder weniger,m
Arti,4 oder weniger,m
Artis,4 oder weniger,w
Arturo,4 oder weniger,m
Artus,4 oder weniger,m
Aruzhan,4 oder weniger,w
Arven,4 oder weniger,w
Arvid,4 oder weniger,m
Arvin,4 oder weniger,m
Arwa,4 oder weniger,w
Arwan,4 oder weniger,m
Ary,4 oder weniger,m
Arya,4 oder weniger,w
Arya,4 oder weniger,m
Aryam,4 oder weniger,w
Aryan,4 oder weniger,m
Aryas,4 oder weniger,m
Aryn-Leena,4 oder weniger,w
Aryob,4 oder weniger,m
Asaf,4 oder weniger,m
Asal,4 oder weniger,w
Asan,4 oder weniger,m
Asel,4 oder weniger,w
Asen,4 oder weniger,m
Asena,4 oder weniger,w
Asier,4 oder weniger,m
Asija,4 oder weniger,w
Asinat,4 oder weniger,w
Asiya,4 oder weniger,w
Asiye,4 oder weniger,w
Asja,4 oder weniger,w
Aslyn,4 oder weniger,w
Asma,4 oder weniger,w
Asra,4 oder weniger,w
Assiel,4 oder weniger,w
Assya,4 oder weniger,w
Astra,4 oder weniger,w
Ata,4 oder weniger,m
Atay,4 oder weniger,m
Atdhe,4 oder weniger,m
Atena,4 oder weniger,w
Ates,4 oder weniger,m
Ateş,4 oder weniger,m
Athanasios,4 oder weniger,m
Atharv,4 oder weniger,m
Athina,4 oder weniger,w
Atina,4 oder weniger,w
Atlas,4 oder weniger,m
Atrin,4 oder weniger,w
Atticus,4 oder weniger,m
Attilio,4 oder weniger,m
Attley,4 oder weniger,m
Audrey,4 oder weniger,w
Augusta,4 oder weniger,w
Auguste,4 oder weniger,m
Augustin,4 oder weniger,m
Augustinus,4 oder weniger,m
Augustus,4 oder weniger,m
Aulona,4 oder weniger,w
Aun,4 oder weniger,m
Aura,4 oder weniger,w
Aurel,4 oder weniger,m
Aurela,4 oder weniger,w
Aurelian,4 oder weniger,m
Aurelio,4 oder weniger,m
Aurelius,4 oder weniger,m
Aurél-Victor,4 oder weniger,m
Auri,4 oder weniger,w
Auron,4 oder weniger,m
Aurona,4 oder weniger,w
Avaan,4 oder weniger,m
Ava-Marlena,4 oder weniger,w
Ava-Maximilia,4 oder weniger,w
Avan,4 oder weniger,m
Avand,4 oder weniger,m
Avanya,4 oder weniger,w
Avelina,4 oder weniger,w
Aventus,4 oder weniger,m
Avery,4 oder weniger,w
Avet,4 oder weniger,m
Avi,4 oder weniger,m
Avie,4 oder weniger,w
Aviel,4 oder weniger,m
Avienna,4 oder weniger,w
Avin,4 oder weniger,w
Avy,4 oder weniger,m
Avyaan,4 oder weniger,m
Avyan,4 oder weniger,m
Avyay,4 oder weniger,m
Avyukt,4 oder weniger,m
Awa,4 oder weniger,w
Awais,4 oder weniger,m
Axel,4 oder weniger,m
Ayaan,4 oder weniger,m
Ayan,4 oder weniger,m
Ayana,4 oder weniger,w
Ayan-George,4 oder weniger,m
Ayansh,4 oder weniger,m
Ayanshi,4 oder weniger,w
Ayas,4 oder weniger,m
Ayat,4 oder weniger,w
Aybüke,4 oder weniger,w
Ayda,4 oder weniger,w
Ayden,4 oder weniger,m
Ayesha,4 oder weniger,w
Ayham,4 oder weniger,m
Ayhan,4 oder weniger,m
Ayleen,4 oder weniger,w
Aylin,4 oder weniger,w
Aylin-Elena,4 oder weniger,w
Aylis,4 oder weniger,w
Ayliz,4 oder weniger,w
Ayman,4 oder weniger,m
Ayngel,4 oder weniger,w
Aynura,4 oder weniger,w
Ayse,4 oder weniger,w
Ayshe,4 oder weniger,w
Ayumi,4 oder weniger,w
Ayushman,4 oder weniger,m
Ayzal,4 oder weniger,w
Azaan,4 oder weniger,m
Azam,4 oder weniger,m
Azat,4 oder weniger,m
Azim,4 oder weniger,m
Aziz,4 oder weniger,m
Azlan,4 oder weniger,m
Babak,4 oder weniger,m
Bade,4 oder weniger,w
Bader,4 oder weniger,m
Bahar,4 oder weniger,w
Bahram,4 oder weniger,m
Baki-Rio,4 oder weniger,m
Balder,4 oder weniger,m
Baldur,4 oder weniger,m
Balša,4 oder weniger,m
Balthasar,4 oder weniger,m
Balthazar,4 oder weniger,m
Bambi,4 oder weniger,w
Bane,4 oder weniger,m
Banks,4 oder weniger,m
Bảo,4 oder weniger,m
Baran,4 oder weniger,m
Bardh,4 oder weniger,m
Baris,4 oder weniger,m
Barkha,4 oder weniger,w
Barna,4 oder weniger,m
Bartholomäus,4 oder weniger,m
Bartu,4 oder weniger,m
Basit,4 oder weniger,m
Basset,4 oder weniger,m
Bato,4 oder weniger,m
Batu,4 oder weniger,m
Batuhan,4 oder weniger,m
Baya,4 oder weniger,w
Bayan,4 oder weniger,w
Beatrice,4 oder weniger,w
Behram,4 oder weniger,m
Bejina,4 oder weniger,w
Bekir,4 oder weniger,m
Bela,4 oder weniger,m
Belinay,4 oder weniger,w
Belinda,4 oder weniger,w
Bella,4 oder weniger,w
Bella-Eleonor,4 oder weniger,w
Belmin,4 oder weniger,m
Beltrán,4 oder weniger,m
Benazir,4 oder weniger,w
Benedict,4 oder weniger,m
Benedikte,4 oder weniger,w
Benito,4 oder weniger,m
Benjámin,4 oder weniger,m
Bennet,4 oder weniger,m
Bennett,4 oder weniger,m
Bennik,4 oder weniger,m
Ben-Ralf,4 oder weniger,m
Bente,4 oder weniger,w
Benyamin,4 oder weniger,m
Berat,4 oder weniger,m
Beren,4 oder weniger,w
Beril,4 oder weniger,w
Berin,4 oder weniger,m
Berina,4 oder weniger,w
Beritan,4 oder weniger,w
Berk,4 oder weniger,m
Berkan,4 oder weniger,m
Berkcan,4 oder weniger,m
Berna,4 oder weniger,w
Bertil,4 oder weniger,m
Béryl,4 oder weniger,w
Besmira,4 oder weniger,w
Betelhem,4 oder weniger,w
Bethany,4 oder weniger,w
Beya,4 oder weniger,w
Beyhan,4 oder weniger,m
Bhavigna,4 oder weniger,w
Bhuvan,4 oder weniger,m
Bianca,4 oder weniger,w
Bibi,4 oder weniger,w
Bidur,4 oder weniger,w
Bilan,4 oder weniger,w
Bilge,4 oder weniger,w
Bill,4 oder weniger,m
Binsa,4 oder weniger,w
Bintou,4 oder weniger,w
Bitaniya,4 oder weniger,w
Bjarne,4 oder weniger,m
Bjorn,4 oder weniger,m
Björn,4 oder weniger,m
Blanka,4 oder weniger,w
Blendi,4 oder weniger,m
Blin,4 oder weniger,m
Bohdan,4 oder weniger,m
Bojan,4 oder weniger,m
Bojidara,4 oder weniger,w
Boldizsár,4 oder weniger,m
Bonnie,4 oder weniger,w
Bora,4 oder weniger,w
Bora,4 oder weniger,m
Boris,4 oder weniger,m
Bosco,4 oder weniger,m
Bouchra,4 oder weniger,w
Bozhidara,4 oder weniger,w
Brando,4 oder weniger,m
Brian,4 oder weniger,m
Brianna-Maria,4 oder weniger,w
Bron,4 oder weniger,m
Bruna,4 oder weniger,w
Bryan,4 oder weniger,m
Bulut,4 oder weniger,m
Burak,4 oder weniger,m
Buray,4 oder weniger,m
Burhan,4 oder weniger,m
Bushra,4 oder weniger,w
Caecilia,4 oder weniger,w
Caelan,4 oder weniger,m
Çağhan,4 oder weniger,m
Cai,4 oder weniger,m
Caia,4 oder weniger,w
Caio,4 oder weniger,m
Caitlyn,4 oder weniger,w
Caleo,4 oder weniger,m
Calvin,4 oder weniger,m
Camie,4 oder weniger,w
Camila,4 oder weniger,w
Camilia,4 oder weniger,w
Camilla,4 oder weniger,w
Camille,4 oder weniger,w
Camille,4 oder weniger,m
Camillo,4 oder weniger,m
Camina,4 oder weniger,w
Candice,4 oder weniger,w
Cara,4 oder weniger,w
Carina,4 oder weniger,w
Carl-Leo,4 oder weniger,m
Carlo-Felix,4 oder weniger,m
Carlos,4 oder weniger,m
Carlota,4 oder weniger,w
Carmela,4 oder weniger,w
Carmen,4 oder weniger,w
Caroline,4 oder weniger,w
Carolynn,4 oder weniger,w
Casey,4 oder weniger,w
Casimir,4 oder weniger,m
Caspian,4 oder weniger,m
Cát,4 oder weniger,m
Cataleya,4 oder weniger,w
Cataleya-Milena,4 oder weniger,w
Cataleya-Natalia,4 oder weniger,w
Catalina,4 oder weniger,w
Catarina,4 oder weniger,w
Cathaleya,4 oder weniger,w
Catharina,4 oder weniger,w
Catherine,4 oder weniger,w
Catrina,4 oder weniger,w
Cedric,4 oder weniger,m
Celeste,4 oder weniger,w
Céleste,4 oder weniger,w
Celia,4 oder weniger,w
Celin,4 oder weniger,w
Célina,4 oder weniger,w
Cemal,4 oder weniger,m
Cennet,4 oder weniger,w
César,4 oder weniger,m
Cevdet,4 oder weniger,m
Ceyda,4 oder weniger,w
Ceyla,4 oder weniger,w
Ceylin,4 oder weniger,w
Cezar,4 oder weniger,m
Chaitrika,4 oder weniger,w
Chantina-Michelle,4 oder weniger,w
Chara,4 oder weniger,w
Charalampos,4 oder weniger,m
Charbel,4 oder weniger,m
Charles,4 oder weniger,m
Charlie,4 oder weniger,w
Charlott,4 oder weniger,w
Charlotta,4 oder weniger,w
Charly,4 oder weniger,m
Chavdar,4 oder weniger,m
Chavin,4 oder weniger,m
Chawan,4 oder weniger,w
Chengis,4 oder weniger,m
Chernor,4 oder weniger,m
Chi,4 oder weniger,m
Chika,4 oder weniger,w
Chikaima,4 oder weniger,w
Chimdindu,4 oder weniger,w
Chimdinma,4 oder weniger,w
Chimechefulam,4 oder weniger,m
Chimkasi,4 oder weniger,m
Chiwendu,4 oder weniger,w
Chloé,4 oder weniger,w
Chris,4 oder weniger,m
Christoph,4 oder weniger,m
Christopher,4 oder weniger,m
Christos,4 oder weniger,m
Chrysovalantis,4 oder weniger,m
Chukwuebuka,4 oder weniger,m
Chun-Li,4 oder weniger,w
Ciel,4 oder weniger,m
Cihangir,4 oder weniger,m
Cilian,4 oder weniger,m
Cinar,4 oder weniger,m
Ciro,4 oder weniger,m
Ciwano,4 oder weniger,m
Çiyager,4 oder weniger,m
Clair,4 oder weniger,w
Claire,4 oder weniger,w
Clara-Maria,4 oder weniger,w
Clara-Muxin,4 oder weniger,w
Clarissa,4 oder weniger,w
Claudia,4 oder weniger,w
Clea,4 oder weniger,w
Cléa,4 oder weniger,w
Clementine,4 oder weniger,w
Cléo,4 oder weniger,w
Cleopatra,4 oder weniger,w
Coco,4 oder weniger,w
Colin,4 oder weniger,m
Colonel,4 oder weniger,m
Confidence,4 oder weniger,w
Conrad,4 oder weniger,m
Constantin-Maximilian,4 oder weniger,m
Constanza,4 oder weniger,w
Constanze,4 oder weniger,w
Cora,4 oder weniger,w
Coralie,4 oder weniger,w
Corbinian,4 oder weniger,m
Cornelia,4 oder weniger,w
Cornelius,4 oder weniger,m
Cosimo,4 oder weniger,m
Cristobal,4 oder weniger,m
Cyara,4 oder weniger,w
Dafina,4 oder weniger,w
Daham,4 oder weniger,m
Dahlia,4 oder weniger,w
Dahn,4 oder weniger,w
Daimens,4 oder weniger,m
Daisy,4 oder weniger,w
Dajjen,4 oder weniger,m
Dajla,4 oder weniger,w
Daksh,4 oder weniger,m
Dalal,4 oder weniger,w
Dalija,4 oder weniger,w
Dalil,4 oder weniger,m
Dalin,4 oder weniger,w
Dalyan,4 oder weniger,m
Damaris,4 oder weniger,w
Damaris-Lidia,4 oder weniger,w
Damas,4 oder weniger,w
Damhat,4 oder weniger,m
Damián,4 oder weniger,m
Damir,4 oder weniger,m
Damjan,4 oder weniger,m
Damla,4 oder weniger,w
Dan,4 oder weniger,m
Dana,4 oder weniger,w
Dandara,4 oder weniger,w
Daner,4 oder weniger,m
Danes,4 oder weniger,m
Dania,4 oder weniger,w
Daniels,4 oder weniger,m
Daniil,4 oder weniger,m
Danilo,4 oder weniger,m
Danis,4 oder weniger,m
Daniyal,4 oder weniger,m
Danjel,4 oder weniger,m
Danyal,4 oder weniger,m
Daphnie,4 oder weniger,w
Dar,4 oder weniger,m
Dardan,4 oder weniger,m
Daren,4 oder weniger,m
Darija,4 oder weniger,w
Darin,4 oder weniger,w
Darin,4 oder weniger,m
Darina,4 oder weniger,w
Dario,4 oder weniger,m
Daris,4 oder weniger,m
Darius,4 oder weniger,m
Dariya,4 oder weniger,w
Darjo,4 oder weniger,m
Darko,4 oder weniger,m
Darwin,4 oder weniger,m
Darya,4 oder weniger,w
Daryna,4 oder weniger,w
Datis,4 oder weniger,m
Daud,4 oder weniger,m
Dauda,4 oder weniger,m
Davi,4 oder weniger,m
Dávid,4 oder weniger,m
Davide,4 oder weniger,m
David-Levi,4 oder weniger,m
Davin,4 oder weniger,m
Davinci,4 oder weniger,m
Davud,4 oder weniger,m
Davyd,4 oder weniger,m
Dawit,4 oder weniger,m
Dawood,4 oder weniger,m
Dayan,4 oder weniger,m
Dea,4 oder weniger,w
Dean,4 oder weniger,m
Deborah,4 oder weniger,w
Deeksh,4 oder weniger,m
Deen,4 oder weniger,m
Defne,4 oder weniger,w
Deia,4 oder weniger,w
Delayne,4 oder weniger,w
Delia,4 oder weniger,w
Delia-Noelle,4 oder weniger,w
Delil,4 oder weniger,m
Delin,4 oder weniger,w
Delina,4 oder weniger,w
Delja,4 oder weniger,w
Delya,4 oder weniger,w
Demian,4 oder weniger,m
Demir,4 oder weniger,m
Dena,4 oder weniger,w
Denan,4 oder weniger,m
Denil,4 oder weniger,m
Denis,4 oder weniger,m
Deniz,4 oder weniger,w
Deniz,4 oder weniger,m
Deniz-Natalia,4 oder weniger,w
Denka,4 oder weniger,w
Dennis,4 oder weniger,m
Deon,4 oder weniger,m
Deran,4 oder weniger,m
Derek,4 oder weniger,m
Derin,4 oder weniger,w
Derya,4 oder weniger,w
Desire,4 oder weniger,m
Désirée,4 oder weniger,w
Desitha,4 oder weniger,w
Despina,4 oder weniger,w
Despot,4 oder weniger,m
Destiny,4 oder weniger,m
Dev,4 oder weniger,m
Devan,4 oder weniger,m
Devano,4 oder weniger,m
Devansh,4 oder weniger,m
Devid,4 oder weniger,m
Devin,4 oder weniger,w
Devin,4 oder weniger,m
Devran,4 oder weniger,m
Dewayne,4 oder weniger,m
Deyan,4 oder weniger,m
Deyjah,4 oder weniger,w
Deyyan,4 oder weniger,m
Deyzi,4 oder weniger,w
Dhanush,4 oder weniger,m
Dhanvi,4 oder weniger,w
Dharshanshaurya,4 oder weniger,m
Dhriti,4 oder weniger,w
Dhruv,4 oder weniger,m
Dhyana,4 oder weniger,w
Diaa,4 oder weniger,m
Diamond,4 oder weniger,m
Diamonds,4 oder weniger,m
Dian,4 oder weniger,m
Diana-Olympia,4 oder weniger,w
Diar,4 oder weniger,m
Diart,4 oder weniger,m
Diell,4 oder weniger,m
Diessa,4 oder weniger,w
Dihaan,4 oder weniger,m
Dila,4 oder weniger,w
Dilan,4 oder weniger,m
Dilara,4 oder weniger,w
Dilet,4 oder weniger,w
Dimitar,4 oder weniger,m
Dimitra,4 oder weniger,w
Dimitrios,4 oder weniger,m
Dimyana,4 oder weniger,w
Din,4 oder weniger,m
Dina,4 oder weniger,w
Dino,4 oder weniger,m
Dion,4 oder weniger,m
Diona,4 oder weniger,w
Dior,4 oder weniger,m
Divreen,4 oder weniger,w
Divyanshi,4 oder weniger,w
Diyan,4 oder weniger,m
Diyar,4 oder weniger,m
Diyo,4 oder weniger,m
Djelli,4 oder weniger,m
Djuradj,4 oder weniger,m
Dldar,4 oder weniger,m
Dljan,4 oder weniger,m
Doah,4 oder weniger,w
Doan,4 oder weniger,w
Doga,4 oder weniger,w
Doha,4 oder weniger,w
Dolores,4 oder weniger,w
Dominic-Vasile,4 oder weniger,m
Dominika,4 oder weniger,w
Doncho,4 oder weniger,m
Donia,4 oder weniger,w
Donika,4 oder weniger,w
Donya,4 oder weniger,w
Dora,4 oder weniger,w
Đorđe,4 oder weniger,m
Dorela,4 oder weniger,w
Doris,4 oder weniger,w
Dorka-Szofia,4 oder weniger,w
Doron,4 oder weniger,w
Dorotea,4 oder weniger,w
Dorothea,4 oder weniger,w
Dragana,4 oder weniger,w
Dren,4 oder weniger,m
Dua,4 oder weniger,m
Duar,4 oder weniger,m
Duc,4 oder weniger,m
Ðức,4 oder weniger,m
Duena,4 oder weniger,w
Duje,4 oder weniger,m
Dunja,4 oder weniger,w
Dunya,4 oder weniger,w
Dünya,4 oder weniger,w
Dušan,4 oder weniger,m
Duy,4 oder weniger,m
Dylan,4 oder weniger,m
Dynia,4 oder weniger,w
Džan,4 oder weniger,m
Dz̆enan,4 oder weniger,m
Ebbo,4 oder weniger,m
Ebenezer,4 oder weniger,m
Ebrar,4 oder weniger,w
Ebu,4 oder weniger,m
Ebube,4 oder weniger,m
Ecaterina,4 oder weniger,w
Ece,4 oder weniger,w
Ecrin,4 oder weniger,w
Ectoras,4 oder weniger,m
Edda,4 oder weniger,w
Eddie,4 oder weniger,m
Eddy,4 oder weniger,m
Eden,4 oder weniger,m
Edhem,4 oder weniger,m
Edian,4 oder weniger,m
Edin,4 oder weniger,m
Edis,4 oder weniger,m
Ediz,4 oder weniger,m
Edmund,4 oder weniger,m
Edna,4 oder weniger,w
Edoardo,4 oder weniger,m
Edona,4 oder weniger,w
Édouard,4 oder weniger,m
Eduard,4 oder weniger,m
Edvard,4 oder weniger,m
Edvin,4 oder weniger,m
Edward-Matei,4 oder weniger,m
Edwin,4 oder weniger,m
Eera,4 oder weniger,w
Efe,4 oder weniger,m
Efenaldo,4 oder weniger,m
Effrosyni,4 oder weniger,w
Efil,4 oder weniger,w
Efnan,4 oder weniger,w
Efrat,4 oder weniger,m
Eghosa,4 oder weniger,m
Egon,4 oder weniger,m
Ehaan,4 oder weniger,m
Ehika,4 oder weniger,w
Ehlimana,4 oder weniger,w
Eilaiyah,4 oder weniger,w
Eileen,4 oder weniger,w
Ejona,4 oder weniger,w
Ekai,4 oder weniger,m
Ekain,4 oder weniger,m
Ekatarina,4 oder weniger,w
Ekjot,4 oder weniger,w
Ekloan,4 oder weniger,m
Elaina,4 oder weniger,w
Elaine,4 oder weniger,w
Elani,4 oder weniger,w
Elanur,4 oder weniger,w
Elay,4 oder weniger,m
Elda,4 oder weniger,w
Eldar,4 oder weniger,m
Eldin,4 oder weniger,m
Elea,4 oder weniger,w
Eleanor,4 oder weniger,w
Elen,4 oder weniger,w
Elena-Gabriela,4 oder weniger,w
Elenija,4 oder weniger,w
Elenor,4 oder weniger,w
Eleonor,4 oder weniger,w
Eleonore,4 oder weniger,w
Eleya,4 oder weniger,w
Eleyna,4 oder weniger,w
Eleysa,4 oder weniger,w
Elfi,4 oder weniger,w
Elfida,4 oder weniger,w
Elham,4 oder weniger,m
Eli,4 oder weniger,m
Elia,4 oder weniger,w
Eliane,4 oder weniger,w
Eliano,4 oder weniger,m
Elie,4 oder weniger,m
Elieen,4 oder weniger,w
Elieser,4 oder weniger,m
Eliezer,4 oder weniger,m
Eliia,4 oder weniger,w
Elija,4 oder weniger,m
Elijah,4 oder weniger,m
Elijah-Samuel,4 oder weniger,m
Elijas,4 oder weniger,m
Elim,4 oder weniger,w
Eline,4 oder weniger,w
Elior,4 oder weniger,m
Elira,4 oder weniger,w
Elis,4 oder weniger,w
Élisabeth,4 oder weniger,w
Elisabetta,4 oder weniger,w
Eliyah,4 oder weniger,m
Eliyas,4 oder weniger,m
Eliz,4 oder weniger,w
Eliza,4 oder weniger,w
Elizabeth,4 oder weniger,w
Elizan,4 oder weniger,w
Elizaveta,4 oder weniger,w
Eljana,4 oder weniger,w
Ella-Sophie,4 oder weniger,w
Ellen,4 oder weniger,w
Elli,4 oder weniger,w
Ellia,4 oder weniger,w
Elliot,4 oder weniger,m
Ellis,4 oder weniger,w
Elmar,4 oder weniger,m
Elmedin,4 oder weniger,m
Elmira,4 oder weniger,w
Elmo,4 oder weniger,m
Elnas,4 oder weniger,w
Elodie,4 oder weniger,w
Éloi,4 oder weniger,m
Eloise,4 oder weniger,w
Elon,4 oder weniger,m
Elora,4 oder weniger,w
Elpida,4 oder weniger,w
Elshad,4 oder weniger,m
Elsie,4 oder weniger,w
Elsina,4 oder weniger,w
Elvedin,4 oder weniger,m
Elvin,4 oder weniger,m
Elvira,4 oder weniger,w
Elwin,4 oder weniger,m
Elya,4 oder weniger,w
Elyana,4 oder weniger,w
Elyas,4 oder weniger,m
Elyesa,4 oder weniger,m
Elyn,4 oder weniger,w
Elys,4 oder weniger,w
Elysa,4 oder weniger,w
Eman,4 oder weniger,m
Emanullah,4 oder weniger,m
Emée,4 oder weniger,w
Emel,4 oder weniger,w
Emelie,4 oder weniger,w
Emiah,4 oder weniger,w
Emiel,4 oder weniger,m
Emika,4 oder weniger,w
Émil,4 oder weniger,m
Émile,4 oder weniger,m
Emili,4 oder weniger,w
Emiliano,4 oder weniger,m
Émilien,4 oder weniger,m
Emilija,4 oder weniger,w
Emilios,4 oder weniger,m
Emiljan,4 oder weniger,m
Emina,4 oder weniger,w
Emirhan,4 oder weniger,m
Emmahadama,4 oder weniger,w
Emma-Maria,4 oder weniger,w
Emma-Maxine,4 oder weniger,w
Emmanuel,4 oder weniger,m
Emmeline,4 oder weniger,w
Emmi,4 oder weniger,w
Emmie,4 oder weniger,w
Emna,4 oder weniger,w
Emraan,4 oder weniger,m
Emran,4 oder weniger,m
Emre,4 oder weniger,m
Emy,4 oder weniger,w
En,4 oder weniger,w
Ena,4 oder weniger,w
Enabit,4 oder weniger,w
Enan,4 oder weniger,m
Ender,4 oder weniger,m
Enea,4 oder weniger,m
Eneas,4 oder weniger,m
Eneko,4 oder weniger,m
Eneo,4 oder weniger,m
Eni,4 oder weniger,w
Enie,4 oder weniger,w
Ennio,4 oder weniger,m
Enoh,4 oder weniger,m
Enola,4 oder weniger,w
Ensar,4 oder weniger,m
Era,4 oder weniger,w
Erda,4 oder weniger,w
Eren,4 oder weniger,m
Erfan,4 oder weniger,m
Eri,4 oder weniger,w
Erick-Sebastian,4 oder weniger,m
Erietta,4 oder weniger,w
Erika-Stefania,4 oder weniger,w
Erik-Leander,4 oder weniger,m
Erim,4 oder weniger,m
Erin,4 oder weniger,w
Erina,4 oder weniger,w
Erion,4 oder weniger,m
Erisa,4 oder weniger,w
Erjona,4 oder weniger,w
Erla,4 oder weniger,w
Ermis,4 oder weniger,m
Ernest,4 oder weniger,m
Eros,4 oder weniger,m
Ersa,4 oder weniger,w
Ersin,4 oder weniger,m
Erva,4 oder weniger,w
Erwin,4 oder weniger,m
Erzana,4 oder weniger,w
Esa,4 oder weniger,m
Esat-Mirza,4 oder weniger,m
Esila,4 oder weniger,w
Esime,4 oder weniger,w
Eslem,4 oder weniger,w
Eslin,4 oder weniger,w
Esmée,4 oder weniger,w
Esmeralda,4 oder weniger,w
Esperanza,4 oder weniger,w
Esra,4 oder weniger,w
Esraa,4 oder weniger,w
Essa,4 oder weniger,m
Estelle,4 oder weniger,w
Esther,4 oder weniger,w
Ethan,4 oder weniger,m
Ethanael,4 oder weniger,m
Etta,4 oder weniger,w
Ettore,4 oder weniger,m
Eugen,4 oder weniger,m
Evan,4 oder weniger,m
Evangelina,4 oder weniger,w
Evangelos,4 oder weniger,m
Evanthia,4 oder weniger,w
Evdokia,4 oder weniger,w
Evelin,4 oder weniger,w
Evelina,4 oder weniger,w
Evelyn,4 oder weniger,w
Evgnosia-Maria,4 oder weniger,w
Evi,4 oder weniger,w
Eviana,4 oder weniger,w
Evidence,4 oder weniger,m
Evren,4 oder weniger,m
Excellent,4 oder weniger,m
Eylül,4 oder weniger,w
Eymen,4 oder weniger,m
Eyosiyas,4 oder weniger,m
Eyüp,4 oder weniger,m
Ez,4 oder weniger,m
Ezan,4 oder weniger,m
Ezra,4 oder weniger,w
Ezra,4 oder weniger,m
Fabia,4 oder weniger,w
Fabiana,4 oder weniger,w
Fabienne,4 oder weniger,w
Fabio,4 oder weniger,m
Fábio,4 oder weniger,m
Fabrice,4 oder weniger,m
Faisal,4 oder weniger,m
Faizan,4 oder weniger,m
Falk,4 oder weniger,m
Falko,4 oder weniger,m
Fangyu,4 oder weniger,w
Fanka,4 oder weniger,w
Fanny,4 oder weniger,w
Farah,4 oder weniger,w
Farell,4 oder weniger,m
Fares,4 oder weniger,m
Farida,4 oder weniger,w
Faris,4 oder weniger,m
Farman,4 oder weniger,m
Faruk,4 oder weniger,m
Fate,4 oder weniger,w
Fateh,4 oder weniger,m
Fatma,4 oder weniger,w
Fatmata,4 oder weniger,w
Fatou,4 oder weniger,w
Fatoumata,4 oder weniger,w
Faustina,4 oder weniger,w
Faya,4 oder weniger,w
Fayad,4 oder weniger,m
Fayrouz,4 oder weniger,w
Federico,4 oder weniger,m
Felia,4 oder weniger,w
Felian,4 oder weniger,m
Felice,4 oder weniger,w
Felice,4 oder weniger,m
Félice,4 oder weniger,w
Félie,4 oder weniger,w
Felina,4 oder weniger,w
Feline,4 oder weniger,w
Felipa,4 oder weniger,w
Félix,4 oder weniger,m
Felizia,4 oder weniger,w
Fengling,4 oder weniger,w
Fenja,4 oder weniger,w
Ferdaus,4 oder weniger,m
Ferdi,4 oder weniger,m
Feride,4 oder weniger,w
Feriha,4 oder weniger,w
Fermín,4 oder weniger,m
Fernanda,4 oder weniger,w
Fernando,4 oder weniger,m
Fevi,4 oder weniger,w
Fia,4 oder weniger,w
Fidel,4 oder weniger,w
Fidelio,4 oder weniger,m
Fiete,4 oder weniger,m
Filina,4 oder weniger,w
Filipa,4 oder weniger,w
Filippa,4 oder weniger,w
Filippo,4 oder weniger,m
Filippos,4 oder weniger,m
Filiz,4 oder weniger,w
Fin,4 oder weniger,m
Fine,4 oder weniger,w
Finia,4 oder weniger,w
Finian,4 oder weniger,m
Finjan,4 oder weniger,m
Finley,4 oder weniger,m
Finneas,4 oder weniger,m
Finnley,4 oder weniger,m
Finola,4 oder weniger,w
Fion,4 oder weniger,m
Fiore,4 oder weniger,m
Firuze,4 oder weniger,w
Fiza,4 oder weniger,w
Flaminia,4 oder weniger,w
Flamur,4 oder weniger,m
Flavia,4 oder weniger,w
Fleur,4 oder weniger,w
Flóra,4 oder weniger,w
Florent,4 oder weniger,m
Florentina,4 oder weniger,w
Florentine,4 oder weniger,w
Flori,4 oder weniger,m
Florijan,4 oder weniger,m
Florin,4 oder weniger,m
Florine,4 oder weniger,w
Floris,4 oder weniger,m
Flynn,4 oder weniger,m
Formouzèrè,4 oder weniger,m
Fotima,4 oder weniger,w
Fran,4 oder weniger,m
Franca,4 oder weniger,w
Francesca,4 oder weniger,w
Francesco,4 oder weniger,m
Francis,4 oder weniger,m
Francisco,4 oder weniger,m
Franciszek,4 oder weniger,w
Franc̦ois,4 oder weniger,m
Frank,4 oder weniger,m
Franko,4 oder weniger,m
Frano,4 oder weniger,m
Franz-Michael,4 oder weniger,m
Fred,4 oder weniger,m
Freda,4 oder weniger,w
Freddie,4 oder weniger,m
Frederic,4 oder weniger,m
Frédéric,4 oder weniger,m
Freja,4 oder weniger,w
Frey,4 oder weniger,m
Freyja,4 oder weniger,w
Frido,4 oder weniger,m
Frieder,4 oder weniger,m
Friederike,4 oder weniger,w
Friedolin,4 oder weniger,m
Fron,4 oder weniger,m
Fryderyk,4 oder weniger,m
Furkan,4 oder weniger,m
Fynn,4 oder weniger,m
Gabriella,4 oder weniger,w
Gabrielle,4 oder weniger,w
Gael,4 oder weniger,m
Galina,4 oder weniger,w
Galini,4 oder weniger,w
Galip,4 oder weniger,m
Gaspar,4 oder weniger,m
Gaspard,4 oder weniger,m
Gaurav,4 oder weniger,m
Gavriil,4 oder weniger,m
Gavrilo,4 oder weniger,m
Gegë,4 oder weniger,m
Gemma,4 oder weniger,w
Genevieve,4 oder weniger,w
Geo,4 oder weniger,m
Georg,4 oder weniger,m
George,4 oder weniger,m
Georgi,4 oder weniger,m
Georgia,4 oder weniger,w
Georgiy,4 oder weniger,m
Gerasimos,4 oder weniger,m
Gerda,4 oder weniger,w
German,4 oder weniger,m
Gero,4 oder weniger,m
Gia,4 oder weniger,w
Gia,4 oder weniger,m
Giacomo,4 oder weniger,m
Giada,4 oder weniger,w
Gianluca,4 oder weniger,m
Gianni,4 oder weniger,m
Gibril,4 oder weniger,m
Gilbert,4 oder weniger,m
Gina,4 oder weniger,w
Gioia,4 oder weniger,w
Giorgi,4 oder weniger,m
Giorgia,4 oder weniger,w
Giovanni,4 oder weniger,m
Giselle,4 oder weniger,w
Giulia-Alessia,4 oder weniger,w
Giuliana,4 oder weniger,w
Giuliano,4 oder weniger,m
Giulio,4 oder weniger,m
Giuseppe,4 oder weniger,m
Gjon,4 oder weniger,m
Glauk,4 oder weniger,m
Glenn,4 oder weniger,m
Godstime,4 oder weniger,m
Godwin,4 oder weniger,m
Göksel,4 oder weniger,m
Göktuğ,4 oder weniger,m
Golda,4 oder weniger,w
Gordana-Maral,4 oder weniger,w
Grace,4 oder weniger,w
Great,4 oder weniger,m
Gregor,4 oder weniger,m
Gregory,4 oder weniger,m
Grégory,4 oder weniger,m
Grela,4 oder weniger,w
Grete,4 oder weniger,w
Grigorios,4 oder weniger,m
Grigoris,4 oder weniger,m
Gulalai,4 oder weniger,w
Güneş,4 oder weniger,w
Gurbaaz,4 oder weniger,m
Gursifat,4 oder weniger,w
Gustaw,4 oder weniger,m
Gwendolin,4 oder weniger,w
Gwendoline,4 oder weniger,w
Ha,4 oder weniger,m
Haaniya,4 oder weniger,w
Habib,4 oder weniger,m
Habibah,4 oder weniger,w
Habibatou,4 oder weniger,w
Haci,4 oder weniger,m
Hadia,4 oder weniger,w
Hadis,4 oder weniger,w
Hadis,4 oder weniger,m
Hadiya,4 oder weniger,w
Hafsa,4 oder weniger,w
Hafza,4 oder weniger,w
Hai,4 oder weniger,m
Haider,4 oder weniger,m
Haifa,4 oder weniger,w
Hailey,4 oder weniger,w
Hajar,4 oder weniger,w
Hala,4 oder weniger,w
Haleemah,4 oder weniger,w
Halen,4 oder weniger,m
Halid,4 oder weniger,m
Halima,4 oder weniger,w
Halime,4 oder weniger,w
Halit,4 oder weniger,m
Hamad,4 oder weniger,m
Hamda,4 oder weniger,w
Hamdan,4 oder weniger,m
Hamdi,4 oder weniger,m
Hamida,4 oder weniger,w
Hamza,4 oder weniger,w
Hamza-Alp,4 oder weniger,m
Hamzah,4 oder weniger,m
Hanin,4 oder weniger,w
Haniya,4 oder weniger,w
Hannan,4 oder weniger,m
Hanne,4 oder weniger,w
Hanno,4 oder weniger,m
Haoming,4 oder weniger,m
Haris,4 oder weniger,m
Hariuan,4 oder weniger,m
Harman,4 oder weniger,m
Harnav,4 oder weniger,m
Haron,4 oder weniger,m
Haroun,4 oder weniger,m
Harriet,4 oder weniger,w
Harris,4 oder weniger,m
Harry,4 oder weniger,m
Hasan,4 oder weniger,m
Hassan,4 oder weniger,m
Hasti,4 oder weniger,m
Hatun,4 oder weniger,w
Haval,4 oder weniger,m
Havan,4 oder weniger,m
Havand,4 oder weniger,m
Hawa,4 oder weniger,w
Haya,4 oder weniger,w
Hayat,4 oder weniger,m
Hayden,4 oder weniger,m
Hazal,4 oder weniger,w
Hazel,4 oder weniger,w
Hector,4 oder weniger,m
Hedda,4 oder weniger,w
Hedi,4 oder weniger,w
Heidemarie,4 oder weniger,w
Hektor,4 oder weniger,m
Hélène,4 oder weniger,w
Helin,4 oder weniger,w
Hella,4 oder weniger,w
Hemen,4 oder weniger,w
Hendrik,4 oder weniger,m
Heni,4 oder weniger,m
Henna,4 oder weniger,w
Henriette,4 oder weniger,w
Henryk,4 oder weniger,m
Hera,4 oder weniger,w
Hermine,4 oder weniger,w
Hesham,4 oder weniger,m
Hevi,4 oder weniger,w
Hewad,4 oder weniger,m
Hiba,4 oder weniger,w
Hifa,4 oder weniger,w
Hilal,4 oder weniger,w
Hilda,4 oder weniger,w
Hilde,4 oder weniger,w
Hilla,4 oder weniger,w
Hiwi,4 oder weniger,w
Hoang,4 oder weniger,w
Hoang,4 oder weniger,m
Hoàng,4 oder weniger,w
Hollie,4 oder weniger,w
Holly,4 oder weniger,w
Hồng,4 oder weniger,m
Honia,4 oder weniger,w
Honya,4 oder weniger,w
Hooriya,4 oder weniger,w
Hope,4 oder weniger,w
Hridhaan,4 oder weniger,m
Hridyan,4 oder weniger,m
Hrithvik,4 oder weniger,m
Hubert,4 oder weniger,m
Hubertus,4 oder weniger,m
Huda,4 oder weniger,w
Hümeyra,4 oder weniger,w
Hunor,4 oder weniger,m
Hüseyin,4 oder weniger,m
Husna,4 oder weniger,w
Hussain,4 oder weniger,m
Hussam,4 oder weniger,m
Hussein,4 oder weniger,m
Huzaifa,4 oder weniger,m
Hysen,4 oder weniger,m
Hysnie,4 oder weniger,w
Hyuseinali,4 oder weniger,m
Ianis,4 oder weniger,m
Iara,4 oder weniger,w
Ibocan,4 oder weniger,m
Ibukunoluwa-Eleora,4 oder weniger,w
Ida-Amalia,4 oder weniger,w
Idda-Maria,4 oder weniger,w
Idriss,4 oder weniger,m
Ifigenia,4 oder weniger,w
Igman,4 oder weniger,m
Ignacy,4 oder weniger,m
Ignazio,4 oder weniger,m
Igor,4 oder weniger,m
Ihaab,4 oder weniger,w
Ihsan,4 oder weniger,m
Iker,4 oder weniger,m
Ila,4 oder weniger,w
Ilan,4 oder weniger,m
Ilana,4 oder weniger,w
Ilaria,4 oder weniger,w
Ilarija,4 oder weniger,w
Ilay,4 oder weniger,w
Ilay,4 oder weniger,m
Ilaya,4 oder weniger,w
Ilayda,4 oder weniger,w
Ilda,4 oder weniger,w
Ileyna,4 oder weniger,w
Ilia,4 oder weniger,m
Ilian,4 oder weniger,m
Iliana,4 oder weniger,w
Ilias,4 oder weniger,m
Ilija,4 oder weniger,m
Ilja,4 oder weniger,m
Ilkay,4 oder weniger,m
Ilma,4 oder weniger,w
Ilvie,4 oder weniger,w
Ilvy,4 oder weniger,w
Ilya,4 oder weniger,m
Iman,4 oder weniger,w
Imani,4 oder weniger,w
Imer,4 oder weniger,m
Immanuel,4 oder weniger,m
Imron,4 oder weniger,m
Inaaya,4 oder weniger,w
Inaayah,4 oder weniger,w
Inara,4 oder weniger,w
Inas,4 oder weniger,w
Inayah,4 oder weniger,w
Ines,4 oder weniger,w
Inés,4 oder weniger,w
Inês,4 oder weniger,w
Inesa,4 oder weniger,w
Inga,4 oder weniger,w
Ingrid,4 oder weniger,w
Inna-Marie,4 oder weniger,w
Innocent,4 oder weniger,m
Io,4 oder weniger,w
Ioane,4 oder weniger,m
Ioann,4 oder weniger,m
Ioanna,4 oder weniger,w
Ioannis,4 oder weniger,m
Ioannis-Panagiotis,4 oder weniger,m
Ioli,4 oder weniger,w
Ion,4 oder weniger,m
Iosif,4 oder weniger,m
Iosifina,4 oder weniger,w
Ira,4 oder weniger,w
Irea,4 oder weniger,w
Irelia,4 oder weniger,w
Irene,4 oder weniger,w
Ireoluwa,4 oder weniger,m
Iria,4 oder weniger,w
Irina,4 oder weniger,w
Irini,4 oder weniger,w
Irteoh,4 oder weniger,m
Isaa,4 oder weniger,m
Isaac,4 oder weniger,m
Isabela,4 oder weniger,w
Isabela-Ioana,4 oder weniger,w
Isabell,4 oder weniger,w
Isabelle,4 oder weniger,w
Isaiah,4 oder weniger,m
Isaías,4 oder weniger,m
Isaja,4 oder weniger,m
Isak,4 oder weniger,m
Isalie,4 oder weniger,w
Isan,4 oder weniger,w
Isatu,4 oder weniger,w
Isayah,4 oder weniger,m
Isha,4 oder weniger,w
Ishan,4 oder weniger,m
Isidora,4 oder weniger,w
Iskra,4 oder weniger,w
Ismael,4 oder weniger,m
Isra,4 oder weniger,w
Israa,4 oder weniger,w
Issa,4 oder weniger,m
Issey,4 oder weniger,m
Isus,4 oder weniger,m
Ivaan,4 oder weniger,m
Iva-Marie,4 oder weniger,w
Ivana,4 oder weniger,w
Ivanka,4 oder weniger,w
Ivanshi,4 oder weniger,w
Ivo,4 oder weniger,m
Ivy,4 oder weniger,w
Iyanu,4 oder weniger,w
Iza,4 oder weniger,w
Izabela-Ștefania,4 oder weniger,w
Izabella,4 oder weniger,w
Izai,4 oder weniger,m
Jacob-Florin,4 oder weniger,m
Jad,4 oder weniger,m
Jade,4 oder weniger,w
Jaden,4 oder weniger,m
Jadwiga,4 oder weniger,w
Jaeden,4 oder weniger,m
Jael,4 oder weniger,m
Jagoda,4 oder weniger,w
Jaiden,4 oder weniger,m
Jake,4 oder weniger,m
Jákob,4 oder weniger,m
Jakov,4 oder weniger,m
Jamaal,4 oder weniger,m
Jamena,4 oder weniger,w
Jamie,4 oder weniger,w
Jamie,4 oder weniger,m
Jamila,4 oder weniger,w
Jamilah,4 oder weniger,w
Jamina,4 oder weniger,w
Jan,4 oder weniger,w
Jane,4 oder weniger,w
Janik,4 oder weniger,m
Janina,4 oder weniger,w
Janko,4 oder weniger,m
Janna,4 oder weniger,w
Janne,4 oder weniger,m
Jannes,4 oder weniger,m
Jannik,4 oder weniger,m
Jano,4 oder weniger,m
Janosch,4 oder weniger,m
Jari,4 oder weniger,w
Jarne,4 oder weniger,m
Jaro,4 oder weniger,m
Jaron,4 oder weniger,m
Jasemin,4 oder weniger,w
Jasin,4 oder weniger,m
Jasir,4 oder weniger,m
Jasmina,4 oder weniger,w
Jasmine,4 oder weniger,w
Jason,4 oder weniger,m
Jassira,4 oder weniger,w
Javi,4 oder weniger,m
Javier,4 oder weniger,m
Jay,4 oder weniger,m
Jean-Marc,4 oder weniger,m
Jeanne,4 oder weniger,w
Jelena,4 oder weniger,w
Jella,4 oder weniger,w
Jelto,4 oder weniger,m
Jennie,4 oder weniger,w
Jennifer,4 oder weniger,w
Jenny,4 oder weniger,w
Jeremia,4 oder weniger,m
Jeremiah,4 oder weniger,m
Jeremias,4 oder weniger,m
Jeshua,4 oder weniger,m
Jesper,4 oder weniger,m
Jessica,4 oder weniger,w
Jet,4 oder weniger,m
Jette,4 oder weniger,w
Jezreel,4 oder weniger,m
Jhayco,4 oder weniger,m
Jiahe,4 oder weniger,m
Jiansen,4 oder weniger,m
Jiaqi,4 oder weniger,m
Jibril,4 oder weniger,m
Jil,4 oder weniger,w
Jingcheng,4 oder weniger,m
Jingqiu,4 oder weniger,m
Jinxin,4 oder weniger,w
Jivara,4 oder weniger,m
Jivko,4 oder weniger,m
Joah,4 oder weniger,m
Joan,4 oder weniger,m
Joana,4 oder weniger,w
Joanna,4 oder weniger,w
Joaquin,4 oder weniger,m
Jodi,4 oder weniger,w
Joe,4 oder weniger,m
Joeanna,4 oder weniger,w
Joël,4 oder weniger,m
Johan,4 oder weniger,m
Johanna-Sophie,4 oder weniger,w
Johanne,4 oder weniger,w
John,4 oder weniger,m
Jolie,4 oder weniger,w
Jona,4 oder weniger,w
Jonael,4 oder weniger,m
Jonila,4 oder weniger,w
Jonna,4 oder weniger,w
Jonne,4 oder weniger,m
Jonte,4 oder weniger,w
Jonte,4 oder weniger,m
Joona,4 oder weniger,m
Jordan,4 oder weniger,m
Jori,4 oder weniger,m
Jorik,4 oder weniger,m
Jorin,4 oder weniger,m
Joris,4 oder weniger,m
Jornela,4 oder weniger,w
Joscha,4 oder weniger,m
Josefa,4 oder weniger,w
Josefin,4 oder weniger,w
Josefina,4 oder weniger,w
Joseph,4 oder weniger,m
Josepha,4 oder weniger,w
Josephina,4 oder weniger,w
Josia,4 oder weniger,m
Joško,4 oder weniger,m
Jospehine,4 oder weniger,w
Joss,4 oder weniger,w
Joud,4 oder weniger,m
Joudia,4 oder weniger,w
Jovan,4 oder weniger,m
Joy,4 oder weniger,w
Józef,4 oder weniger,m
Jo-Zion,4 oder weniger,m
Juan,4 oder weniger,m
Judita,4 oder weniger,w
Judith,4 oder weniger,w
Jule,4 oder weniger,w
Julen,4 oder weniger,m
Juli,4 oder weniger,m
Juliana,4 oder weniger,w
Juliane,4 oder weniger,w
Julianna,4 oder weniger,w
Julie,4 oder weniger,w
Juliette,4 oder weniger,w
Julija,4 oder weniger,w
Julina,4 oder weniger,w
Jumna,4 oder weniger,w
Junaid,4 oder weniger,m
Juna-Sophie,4 oder weniger,w
June,4 oder weniger,w
Junie,4 oder weniger,w
Junis,4 oder weniger,m
Juno,4 oder weniger,w
Juno,4 oder weniger,m
Junus,4 oder weniger,m
Juraj,4 oder weniger,m
Jure,4 oder weniger,m
Juri,4 oder weniger,m
Justus,4 oder weniger,m
Kadek,4 oder weniger,m
Kaden,4 oder weniger,m
Kadir,4 oder weniger,m
Kadja-Maritza,4 oder weniger,w
Kadri,4 oder weniger,m
Kai,4 oder weniger,m
Kaia,4 oder weniger,w
Kaihan,4 oder weniger,m
Kailey,4 oder weniger,w
Kaisa,4 oder weniger,w
Kaiyan,4 oder weniger,w
Kaja,4 oder weniger,w
Kajetan,4 oder weniger,m
Kalea,4 oder weniger,w
Kaleo,4 oder weniger,m
Kalia,4 oder weniger,w
Kalila,4 oder weniger,w
Kalina,4 oder weniger,w
Kalle,4 oder weniger,m
Kalotta,4 oder weniger,w
Kaly,4 oder weniger,m
Kamelia,4 oder weniger,w
Kamer,4 oder weniger,w
Kamil,4 oder weniger,m
Kan,4 oder weniger,m
Kany,4 oder weniger,w
Kaon,4 oder weniger,m
Karam,4 oder weniger,m
Karina,4 oder weniger,w
Karlina,4 oder weniger,w
Karlotta,4 oder weniger,w
Karol,4 oder weniger,m
Karolina,4 oder weniger,w
Karoline,4 oder weniger,w
Kashvi,4 oder weniger,w
Kasia,4 oder weniger,w
Kasija,4 oder weniger,w
Kasim,4 oder weniger,m
Kasimir,4 oder weniger,m
Kassandra,4 oder weniger,w
Kassiani,4 oder weniger,w
Kassim,4 oder weniger,m
Katalea,4 oder weniger,w
Katarina,4 oder weniger,w
Katerina,4 oder weniger,w
Katherina,4 oder weniger,w
Kathleen,4 oder weniger,w
Katia,4 oder weniger,w
Kaustubh,4 oder weniger,m
Kavi,4 oder weniger,w
Kaya,4 oder weniger,m
Kayahan,4 oder weniger,m
Kayden,4 oder weniger,m
Kayhan,4 oder weniger,m
Kayla,4 oder weniger,w
Kaylee,4 oder weniger,w
Kayleigh,4 oder weniger,w
Kayo,4 oder weniger,m
Kayra,4 oder weniger,w
Keanu,4 oder weniger,m
Keeva,4 oder weniger,w
Kehlani,4 oder weniger,w
Keilani,4 oder weniger,w
Keisi,4 oder weniger,w
Kelian,4 oder weniger,m
Kemâl,4 oder weniger,m
Kenai,4 oder weniger,m
Kenan,4 oder weniger,m
Keni,4 oder weniger,w
Kenji,4 oder weniger,m
Kenneth,4 oder weniger,m
Kenny,4 oder weniger,m
Keno,4 oder weniger,m
Kenza,4 oder weniger,w
Kenzo,4 oder weniger,m
Kerem,4 oder weniger,m
Kerim,4 oder weniger,m
Kerstin,4 oder weniger,w
Keshav,4 oder weniger,m
Kevin,4 oder weniger,m
Keyan,4 oder weniger,m
Keyara,4 oder weniger,w
Keylor,4 oder weniger,m
Keyur,4 oder weniger,m
Khadaja,4 oder weniger,w
Khadidja,4 oder weniger,w
Khadija,4 oder weniger,w
Khadijah,4 oder weniger,w
Khalaf,4 oder weniger,m
Khaled,4 oder weniger,m
Khalid,4 oder weniger,m
Khalifa,4 oder weniger,m
Khalil,4 oder weniger,m
Khang,4 oder weniger,m
Khatun,4 oder weniger,w
Khayla,4 oder weniger,w
Khidr,4 oder weniger,m
Khulud,4 oder weniger,w
Kiano,4 oder weniger,m
Kidus,4 oder weniger,m
Kimaya,4 oder weniger,w
Kimia,4 oder weniger,w
Kimon,4 oder weniger,m
Kimya,4 oder weniger,w
King,4 oder weniger,m
Kiran,4 oder weniger,m
Kiril,4 oder weniger,m
Kirubel,4 oder weniger,m
Kito,4 oder weniger,m
Kiyana,4 oder weniger,w
Kjara,4 oder weniger,w
Klaus,4 oder weniger,m
Klea,4 oder weniger,w
Klei,4 oder weniger,m
Klelia,4 oder weniger,w
Klemens,4 oder weniger,m
Kleo,4 oder weniger,w
Koby,4 oder weniger,w
Kolen,4 oder weniger,m
Komail,4 oder weniger,m
Konrad,4 oder weniger,m
Konradin,4 oder weniger,m
Konstantinos,4 oder weniger,m
Konstantinos-Panagiotis,4 oder weniger,m
Koray,4 oder weniger,m
Kornelia,4 oder weniger,w
Kosmo,4 oder weniger,m
Kosta,4 oder weniger,m
Kowsar,4 oder weniger,w
Krasimir,4 oder weniger,m
Krion,4 oder weniger,m
Krishiv,4 oder weniger,m
Kristijan,4 oder weniger,m
Kristina,4 oder weniger,w
Krithi,4 oder weniger,w
Kroi,4 oder weniger,m
Kruna,4 oder weniger,w
Kumsal,4 oder weniger,w
Kurt,4 oder weniger,m
Kuyas,4 oder weniger,m
Kuzey,4 oder weniger,m
Kuzman,4 oder weniger,m
Kyaan,4 oder weniger,m
Kyara,4 oder weniger,w
Kylian,4 oder weniger,m
Kyriakos,4 oder weniger,m
Laeticia,4 oder weniger,w
Laetizia,4 oder weniger,w
Laila,4 oder weniger,w
Laith,4 oder weniger,m
Laksh,4 oder weniger,m
Lalanaa,4 oder weniger,w
Lale,4 oder weniger,w
Lamar,4 oder weniger,w
Lamies,4 oder weniger,w
Lamija,4 oder weniger,w
Lanah,4 oder weniger,w
Lana-Mabel,4 oder weniger,w
Lando,4 oder weniger,m
Lani,4 oder weniger,w
Larea,4 oder weniger,w
Larin,4 oder weniger,w
Larine,4 oder weniger,w
Larisa,4 oder weniger,w
Larissa,4 oder weniger,w
Laszlo,4 oder weniger,m
Latif,4 oder weniger,m
Lauand,4 oder weniger,m
Lauend,4 oder weniger,m
Laurent,4 oder weniger,m
Lauri,4 oder weniger,m
Lauris,4 oder weniger,m
Lavin,4 oder weniger,w
Lavinia,4 oder weniger,w
Lawand,4 oder weniger,m
Laya,4 oder weniger,w
Layan,4 oder weniger,w
Layana,4 oder weniger,w
Layell,4 oder weniger,m
Layla,4 oder weniger,w
Lazare,4 oder weniger,m
Lazario,4 oder weniger,m
Lazaros,4 oder weniger,m
Le,4 oder weniger,w
Lê,4 oder weniger,w
Léa,4 oder weniger,w
Leah,4 oder weniger,w
Lea-Marie,4 oder weniger,w
Lean,4 oder weniger,m
Leana,4 oder weniger,w
Léana,4 oder weniger,w
Leandros,4 oder weniger,m
Leart,4 oder weniger,m
Lea-Sophie,4 oder weniger,w
Léda,4 oder weniger,w
Leif,4 oder weniger,m
Leila,4 oder weniger,w
Leiv,4 oder weniger,m
Lejan,4 oder weniger,m
Lejla,4 oder weniger,w
Lejla-Nur,4 oder weniger,w
Lejna,4 oder weniger,w
Lejs,4 oder weniger,m
Leka,4 oder weniger,m
Lelia,4 oder weniger,w
Lemar,4 oder weniger,m
Len,4 oder weniger,m
Lena-Marie,4 oder weniger,w
Lene,4 oder weniger,w
Lenia,4 oder weniger,w
Lenn,4 oder weniger,m
Lenna,4 oder weniger,w
Lennart,4 oder weniger,m
Lennet,4 oder weniger,m
Lenni,4 oder weniger,m
Lennia,4 oder weniger,w
Lennox,4 oder weniger,m
Lenny,4 oder weniger,m
Lenya,4 oder weniger,w
Leo,4 oder weniger,w
Léo,4 oder weniger,m
Leona,4 oder weniger,w
Leonarda,4 oder weniger,w
Leonardo-Salih,4 oder weniger,m
Leonas,4 oder weniger,m
Leone,4 oder weniger,m
Leonella,4 oder weniger,w
Leonhardt,4 oder weniger,m
Leonhart,4 oder weniger,m
Leoni,4 oder weniger,w
Leonid,4 oder weniger,m
Léonie,4 oder weniger,w
Leonore,4 oder weniger,w
Léonore,4 oder weniger,w
Leron,4 oder weniger,m
Leroy,4 oder weniger,m
Leticia,4 oder weniger,w
Letizia,4 oder weniger,w
Lev,4 oder weniger,m
Levent,4 oder weniger,m
Levi-Elias,4 oder weniger,m
Levi-Minh,4 oder weniger,m
Levin,4 oder weniger,w
Lewin,4 oder weniger,m
Lewys,4 oder weniger,m
Lexi,4 oder weniger,w
Leya,4 oder weniger,w
Leyan,4 oder weniger,w
Leyana,4 oder weniger,w
Leys,4 oder weniger,m
Liah,4 oder weniger,w
Liah-Nora,4 oder weniger,w
Liano,4 oder weniger,m
Liantso,4 oder weniger,w
Liar,4 oder weniger,m
Liara,4 oder weniger,w
Liarda,4 oder weniger,w
Lias,4 oder weniger,m
Liäs,4 oder weniger,m
Liburn,4 oder weniger,m
Lidia,4 oder weniger,w
Lidija,4 oder weniger,w
Lieselotte,4 oder weniger,w
Lígia,4 oder weniger,w
Lihan,4 oder weniger,m
Liiban,4 oder weniger,m
Lija,4 oder weniger,w
Lijan,4 oder weniger,m
Lijana,4 oder weniger,w
Lijon,4 oder weniger,m
Lila,4 oder weniger,w
Lili,4 oder weniger,w
Liliana,4 oder weniger,w
Lilien,4 oder weniger,w
Liliya,4 oder weniger,w
Lilja,4 oder weniger,w
Liljana,4 oder weniger,w
Lillian,4 oder weniger,w
Lillibeth,4 oder weniger,w
Lilou,4 oder weniger,w
Lilu,4 oder weniger,w
Lilya,4 oder weniger,w
Lilyan,4 oder weniger,w
Lima,4 oder weniger,w
Linh,4 oder weniger,w
Linja,4 oder weniger,w
Linn,4 oder weniger,w
Linnea,4 oder weniger,w
Linnéa,4 oder weniger,w
Lioba,4 oder weniger,w
Liona,4 oder weniger,w
Lior,4 oder weniger,m
Lirian,4 oder weniger,m
Lisa-Sophie,4 oder weniger,w
Lisav,4 oder weniger,w
Lise,4 oder weniger,w
Lius,4 oder weniger,m
Liva,4 oder weniger,w
Livana,4 oder weniger,w
Livi,4 oder weniger,w
Lívia,4 oder weniger,w
Livie,4 oder weniger,w
Livio,4 oder weniger,m
Liwia,4 oder weniger,w
Liyah,4 oder weniger,w
Liyan,4 oder weniger,m
Liyanna,4 oder weniger,w
Liyen,4 oder weniger,w
Liza,4 oder weniger,w
Llapian,4 oder weniger,m
Loana,4 oder weniger,w
Loar,4 oder weniger,m
Loara,4 oder weniger,w
Loay,4 oder weniger,m
Loela,4 oder weniger,w
Loena,4 oder weniger,w
Logan,4 oder weniger,m
Lois,4 oder weniger,w
Loïs,4 oder weniger,m
Lojain,4 oder weniger,w
Loki,4 oder weniger,w
Loni,4 oder weniger,w
Lora,4 oder weniger,w
Loran,4 oder weniger,m
Loras,4 oder weniger,m
Lore,4 oder weniger,w
Loreen,4 oder weniger,w
Loreena,4 oder weniger,w
Loren,4 oder weniger,m
Loretta,4 oder weniger,w
Lori,4 oder weniger,w
Lorian,4 oder weniger,m
Loriana,4 oder weniger,w
Lorik,4 oder weniger,m
Lorin,4 oder weniger,w
Lorin,4 oder weniger,m
Lorina,4 oder weniger,w
Loris,4 oder weniger,m
Lorisa,4 oder weniger,w
Lou,4 oder weniger,m
Louane,4 oder weniger,w
Lou-Ann,4 oder weniger,w
Louca,4 oder weniger,m
Loui,4 oder weniger,m
Louie,4 oder weniger,m
Loukas,4 oder weniger,m
Louloua,4 oder weniger,w
Louma,4 oder weniger,w
Lovina,4 oder weniger,w
Lovis,4 oder weniger,m
Lovisa,4 oder weniger,w
Lowen,4 oder weniger,m
Loya,4 oder weniger,w
Lua,4 oder weniger,w
Lúa,4 oder weniger,w
Luan-Timur,4 oder weniger,m
Luara,4 oder weniger,w
Luc,4 oder weniger,m
Luca,4 oder weniger,w
Luca-Matteo,4 oder weniger,m
Lucca,4 oder weniger,m
Lucian,4 oder weniger,m
Luciana,4 oder weniger,w
Luciano,4 oder weniger,m
Lucie,4 oder weniger,w
Lucien,4 oder weniger,m
Lucija,4 oder weniger,w
Lucile,4 oder weniger,w
Lucio,4 oder weniger,m
Lucius,4 oder weniger,m
Lucy,4 oder weniger,w
Ludovico,4 oder weniger,m
Ludwik,4 oder weniger,m
Luel,4 oder weniger,m
Lui,4 oder weniger,m
Luís,4 oder weniger,m
Luitpold,4 oder weniger,m
Lukai,4 oder weniger,m
Luka-Ilija,4 oder weniger,m
Luke,4 oder weniger,m
Luken,4 oder weniger,m
Lukman,4 oder weniger,m
Lukrecia,4 oder weniger,w
Luna-Ariel,4 oder weniger,w
Lunia,4 oder weniger,w
Luoen,4 oder weniger,m
Lureno-Azad,4 oder weniger,m
Lusian,4 oder weniger,m
Luuk,4 oder weniger,m
Luz,4 oder weniger,w
Luzi,4 oder weniger,w
Luzia,4 oder weniger,w
Luzie,4 oder weniger,w
Lyan,4 oder weniger,m
Lyana,4 oder weniger,w
Lyanu,4 oder weniger,w
Lyas,4 oder weniger,m
Lydia,4 oder weniger,w
Lyness,4 oder weniger,m
Lynn,4 oder weniger,w
Lyv,4 oder weniger,w
Maahir,4 oder weniger,m
Madina,4 oder weniger,w
Madita,4 oder weniger,w
Madiyou,4 oder weniger,m
Maé,4 oder weniger,w
Mael,4 oder weniger,m
Maél,4 oder weniger,m
Maël,4 oder weniger,m
Maeve,4 oder weniger,w
Mafalda,4 oder weniger,w
Magda,4 oder weniger,w
Magil,4 oder weniger,m
Mahamed,4 oder weniger,m
Mahdi,4 oder weniger,m
Mahdiya,4 oder weniger,w
Mahi,4 oder weniger,w
Mahira,4 oder weniger,w
Mahisa,4 oder weniger,w
Mahlin,4 oder weniger,w
Mahmad,4 oder weniger,m
Mahmoud,4 oder weniger,m
Mahro,4 oder weniger,w
Mahta,4 oder weniger,w
Mai,4 oder weniger,w
Maia,4 oder weniger,w
Maia-Evelin,4 oder weniger,w
Maia-Gabriela,4 oder weniger,w
Maid,4 oder weniger,m
Maida,4 oder weniger,w
Maidah,4 oder weniger,w
Maija,4 oder weniger,w
Maike,4 oder weniger,w
Maila,4 oder weniger,w
Mailin,4 oder weniger,w
Maïlys,4 oder weniger,w
Maimouna,4 oder weniger,w
Maisie,4 oder weniger,w
Maïwenn,4 oder weniger,w
Maiza,4 oder weniger,w
Majan,4 oder weniger,w
Majvi,4 oder weniger,w
Mak,4 oder weniger,m
Maksimilian,4 oder weniger,m
Maksym,4 oder weniger,m
Maksymilian,4 oder weniger,m
Mal,4 oder weniger,m
Mala,4 oder weniger,w
Malaika,4 oder weniger,w
Maleen,4 oder weniger,w
Malena,4 oder weniger,w
Maleyna,4 oder weniger,w
Mali,4 oder weniger,w
Mali,4 oder weniger,m
Malika,4 oder weniger,w
Malin,4 oder weniger,w
Malio,4 oder weniger,m
Maliya,4 oder weniger,w
Maliyah,4 oder weniger,w
Malo,4 oder weniger,m
Malt,4 oder weniger,m
Malte,4 oder weniger,m
Malu,4 oder weniger,w
Mana,4 oder weniger,w
Manal,4 oder weniger,w
Manan,4 oder weniger,m
Manfred,4 oder weniger,m
Manio,4 oder weniger,m
Manon,4 oder weniger,w
Manthos,4 oder weniger,m
Manvik,4 oder weniger,m
Mar,4 oder weniger,w
Marai,4 oder weniger,w
Maram,4 oder weniger,w
Marc,4 oder weniger,m
Marcel,4 oder weniger,m
Marcela,4 oder weniger,w
Marcell,4 oder weniger,m
Marcelo,4 oder weniger,m
Marco,4 oder weniger,m
Marcus,4 oder weniger,m
Marek,4 oder weniger,m
Maresa,4 oder weniger,w
Margaret,4 oder weniger,w
Margarete,4 oder weniger,w
Margarita,4 oder weniger,w
Margó,4 oder weniger,w
Mari,4 oder weniger,w
María,4 oder weniger,w
Maria-Anastasia,4 oder weniger,w
Maria-Iemima,4 oder weniger,w
Maria-Jane,4 oder weniger,w
Marian,4 oder weniger,m
Mariana,4 oder weniger,w
Marianna,4 oder weniger,w
Maria-Sofia,4 oder weniger,w
Marielle,4 oder weniger,w
Marie-Lou,4 oder weniger,w
Marie-Louise,4 oder weniger,w
Mariem,4 oder weniger,w
Marino,4 oder weniger,m
Marinus,4 oder weniger,m
Mario,4 oder weniger,m
Maris,4 oder weniger,m
Marisa,4 oder weniger,w
Mariss,4 oder weniger,m
Marissa,4 oder weniger,w
Marita,4 oder weniger,w
Marius,4 oder weniger,m
Markel,4 oder weniger,m
Markus,4 oder weniger,m
Marleen,4 oder weniger,w
Marlen,4 oder weniger,w
Marlena,4 oder weniger,w
Marley,4 oder weniger,w
Marley,4 oder weniger,m
Marlie,4 oder weniger,w
Marlies,4 oder weniger,w
Marlin,4 oder weniger,m
Marlis,4 oder weniger,w
Marlo,4 oder weniger,m
Marlya,4 oder weniger,w
Maro,4 oder weniger,m
Marsa,4 oder weniger,w
Marsel,4 oder weniger,m
Marset,4 oder weniger,w
Martín,4 oder weniger,m
Martina,4 oder weniger,w
Marvella,4 oder weniger,w
Marvin,4 oder weniger,m
Marwa,4 oder weniger,w
Marya,4 oder weniger,w
Masa,4 oder weniger,w
Maša,4 oder weniger,w
Masal,4 oder weniger,w
Mascha,4 oder weniger,w
Masih,4 oder weniger,m
Massai,4 oder weniger,m
Massimiliano,4 oder weniger,m
Massimo,4 oder weniger,m
Matahari,4 oder weniger,m
Máté,4 oder weniger,m
Matea,4 oder weniger,w
Matei,4 oder weniger,m
Matheo,4 oder weniger,m
Mathilde,4 oder weniger,w
Mathis,4 oder weniger,m
Matia,4 oder weniger,w
Matia,4 oder weniger,m
Matias-Bogdan,4 oder weniger,m
Matija,4 oder weniger,m
Matin,4 oder weniger,m
Mato,4 oder weniger,m
Matthea,4 oder weniger,w
Mattheo,4 oder weniger,m
Matthis,4 oder weniger,m
Mattis,4 oder weniger,m
Matvey,4 oder weniger,m
Matvii,4 oder weniger,m
Matviy,4 oder weniger,m
Matylda,4 oder weniger,w
Maura,4 oder weniger,w
Mauricio,4 oder weniger,m
Mauritz,4 oder weniger,m
Mauro,4 oder weniger,m
Mava,4 oder weniger,w
Mavi,4 oder weniger,w
Mavi,4 oder weniger,m
Mavie,4 oder weniger,w
Maxel,4 oder weniger,m
Maxiell,4 oder weniger,m
Maxima,4 oder weniger,w
Maximian,4 oder weniger,m
Maximilia,4 oder weniger,w
Maximilian-Luca,4 oder weniger,m
Maximiliano,4 oder weniger,m
Maximus,4 oder weniger,m
Mayk,4 oder weniger,m
Maylis,4 oder weniger,w
Mazen,4 oder weniger,m
Mebael,4 oder weniger,m
Medeea-Maria,4 oder weniger,w
Meer,4 oder weniger,m
Meerashree,4 oder weniger,w
Meghna,4 oder weniger,w
Mehdi,4 oder weniger,m
Mehmed,4 oder weniger,m
Mehmet,4 oder weniger,m
Mehrad,4 oder weniger,m
Mehwish,4 oder weniger,w
Mehzan,4 oder weniger,m
Mekliet,4 oder weniger,w
Meklit,4 oder weniger,w
Mela,4 oder weniger,w
Melanie,4 oder weniger,w
Melba,4 oder weniger,w
Melek,4 oder weniger,w
Melia,4 oder weniger,w
Melik,4 oder weniger,m
Melina-Marie,4 oder weniger,w
Melinda,4 oder weniger,w
Melis,4 oder weniger,w
Melitini,4 oder weniger,w
Meliya,4 oder weniger,w
Melly,4 oder weniger,w
Mercutio,4 oder weniger,m
Mercy,4 oder weniger,w
Merdi,4 oder weniger,m
Merjem,4 oder weniger,w
Merjema,4 oder weniger,w
Merlin,4 oder weniger,m
Merrylou,4 oder weniger,w
Mersana,4 oder weniger,w
Meryam,4 oder weniger,w
Mesk,4 oder weniger,w
Messi,4 oder weniger,m
Mete,4 oder weniger,m
Metehan,4 oder weniger,m
Metin,4 oder weniger,m
Meva,4 oder weniger,w
Meve,4 oder weniger,w
Meyra,4 oder weniger,w
Mia-Luisa,4 oder weniger,w
Mian,4 oder weniger,m
Mias,4 oder weniger,m
Micha,4 oder weniger,m
Michael-Vlad,4 oder weniger,m
Michail,4 oder weniger,m
Michał,4 oder weniger,m
Michel,4 oder weniger,m
Michele,4 oder weniger,m
Michelle,4 oder weniger,w
Mick,4 oder weniger,m
Micol,4 oder weniger,w
Miguel,4 oder weniger,m
Mihaada,4 oder weniger,w
Mihael,4 oder weniger,m
Mihail,4 oder weniger,m
Mihailo,4 oder weniger,m
Mihraj,4 oder weniger,w
Mijo,4 oder weniger,m
Mika,4 oder weniger,w
Mikael,4 oder weniger,m
Mikaela,4 oder weniger,w
Mikal,4 oder weniger,m
Mikayla,4 oder weniger,w
Miko,4 oder weniger,m
Mikolaj,4 oder weniger,m
Mikołaj,4 oder weniger,m
Milad,4 oder weniger,m
Mila-Juliette,4 oder weniger,w
Milana,4 oder weniger,w
Milara,4 oder weniger,w
Milas,4 oder weniger,m
Milea,4 oder weniger,w
Mileah,4 oder weniger,w
Milica,4 oder weniger,w
Milind,4 oder weniger,m
Milla,4 oder weniger,w
Millie,4 oder weniger,w
Milly,4 oder weniger,w
Milo-Elian,4 oder weniger,m
Milos,4 oder weniger,m
Miloš,4 oder weniger,m
Milou,4 oder weniger,w
Minaya,4 oder weniger,w
Minea,4 oder weniger,w
Minh,4 oder weniger,w
Minh,4 oder weniger,m
Minha,4 oder weniger,w
Minhaj,4 oder weniger,w
Minho,4 oder weniger,m
Minka,4 oder weniger,w
Minna,4 oder weniger,w
Minnas,4 oder weniger,m
Minnie-Lou,4 oder weniger,w
Minu,4 oder weniger,w
Mio,4 oder weniger,w
Mir,4 oder weniger,m
Mirabel,4 oder weniger,w
Mirabell,4 oder weniger,w
Mirabella,4 oder weniger,w
Mirac,4 oder weniger,m
Miraç,4 oder weniger,m
Mirai,4 oder weniger,w
Miral,4 oder weniger,w
Miralina,4 oder weniger,w
Mirano,4 oder weniger,m
Miras,4 oder weniger,m
Mira-Teona,4 oder weniger,w
Miraya,4 oder weniger,w
Mirella,4 oder weniger,w
Mirhat,4 oder weniger,m
Miri,4 oder weniger,w
Miriel,4 oder weniger,w
Mirija,4 oder weniger,w
Mirjam,4 oder weniger,w
Mirna,4 oder weniger,w
Miro,4 oder weniger,m
Mironas,4 oder weniger,m
Miroslava,4 oder weniger,w
Mirsa,4 oder weniger,w
Mirvan,4 oder weniger,m
Miryam,4 oder weniger,w
Mirza,4 oder weniger,m
Mirzan,4 oder weniger,m
Misha,4 oder weniger,w
Misho,4 oder weniger,m
Mishou,4 oder weniger,w
Miskin,4 oder weniger,m
Mithran,4 oder weniger,m
Mlkyas,4 oder weniger,m
Moamin,4 oder weniger,m
Moaz,4 oder weniger,m
Modassar,4 oder weniger,m
Móeiđur,4 oder weniger,w
Moez,4 oder weniger,m
Moh,4 oder weniger,m
Mohamad,4 oder weniger,m
Mohamad-Hassan,4 oder weniger,m
Mohamed-Akram,4 oder weniger,m
Mohit,4 oder weniger,m
Mokhtar,4 oder weniger,m
Moksha,4 oder weniger,w
Mokshy,4 oder weniger,w
Molly,4 oder weniger,w
Momo,4 oder weniger,m
Monica,4 oder weniger,w
Monika,4 oder weniger,w
Moriah,4 oder weniger,w
Moses,4 oder weniger,m
Moska,4 oder weniger,w
Motahhare,4 oder weniger,w
Moulaye,4 oder weniger,m
Mouna,4 oder weniger,w
Mounir,4 oder weniger,m
Moussa,4 oder weniger,m
Moysei,4 oder weniger,m
Muaad,4 oder weniger,m
Muadh,4 oder weniger,m
Muamer,4 oder weniger,m
Mubina,4 oder weniger,w
Mucad,4 oder weniger,m
Mucize,4 oder weniger,w
Muhamad,4 oder weniger,m
Muhamed,4 oder weniger,m
Muhbat,4 oder weniger,w
Mu-Ho,4 oder weniger,m
Mujin,4 oder weniger,w
Mukades,4 oder weniger,w
Mukund,4 oder weniger,m
Mumtaz,4 oder weniger,w
Muna,4 oder weniger,w
Munas,4 oder weniger,m
Munir,4 oder weniger,m
Munira,4 oder weniger,w
Muntas,4 oder weniger,w
Murat,4 oder weniger,m
Musaab,4 oder weniger,m
Musab,4 oder weniger,m
Musafr,4 oder weniger,m
Mussa,4 oder weniger,m
Mustafa,4 oder weniger,m
Mustakeem,4 oder weniger,m
Muyuan,4 oder weniger,m
Muyun,4 oder weniger,m
Mwene-Njinga,4 oder weniger,w
Myles,4 oder weniger,m
Myroslava,4 oder weniger,w
Nabil,4 oder weniger,m
Nachiket,4 oder weniger,m
Nada,4 oder weniger,w
Nadia,4 oder weniger,w
Nadin,4 oder weniger,w
Nadja,4 oder weniger,w
Nadwa,4 oder weniger,w
Naeem,4 oder weniger,m
Naël,4 oder weniger,m
Naela,4 oder weniger,w
Naemi,4 oder weniger,w
Nafas,4 oder weniger,w
Nafiel,4 oder weniger,m
Nahom,4 oder weniger,m
Naila,4 oder weniger,w
Naim,4 oder weniger,m
Naira,4 oder weniger,w
Najla,4 oder weniger,w
Najma,4 oder weniger,w
Naksh,4 oder weniger,m
Nala,4 oder weniger,w
Nali,4 oder weniger,m
Nalia,4 oder weniger,w
Nam,4 oder weniger,m
Nana,4 oder weniger,m
Nando,4 oder weniger,m
Naod,4 oder weniger,m
Naomi,4 oder weniger,w
Nara,4 oder weniger,w
Narjes,4 oder weniger,w
Narjiss,4 oder weniger,w
Nart,4 oder weniger,m
Nasiha,4 oder weniger,w
Nasir,4 oder weniger,m
Natali,4 oder weniger,w
Natalie,4 oder weniger,w
Natalija,4 oder weniger,w
Natan,4 oder weniger,m
Natasa,4 oder weniger,w
Nathanael,4 oder weniger,m
Natheniel,4 oder weniger,m
Natnael,4 oder weniger,m
Naveh,4 oder weniger,m
Navin,4 oder weniger,w
Navya,4 oder weniger,w
Nawang,4 oder weniger,w
Nawid,4 oder weniger,m
Nayel,4 oder weniger,m
Nayeli,4 oder weniger,w
Nayla,4 oder weniger,w
Naylah,4 oder weniger,w
Nazdar,4 oder weniger,w
Nazım,4 oder weniger,m
Nazli,4 oder weniger,w
Nea,4 oder weniger,w
Nedret,4 oder weniger,w
Neel,4 oder weniger,m
Neele,4 oder weniger,w
Nefes,4 oder weniger,w
Nehir,4 oder weniger,w
Neila,4 oder weniger,w
Nejla,4 oder weniger,w
Nektarios,4 oder weniger,m
Nel,4 oder weniger,w
Nela,4 oder weniger,w
Nelia,4 oder weniger,w
Nelio-Aarian,4 oder weniger,m
Nelli,4 oder weniger,w
Nelly,4 oder weniger,w
Nelson,4 oder weniger,m
Nelu,4 oder weniger,m
Nelus,4 oder weniger,m
Nepomuk,4 oder weniger,m
Nerea,4 oder weniger,w
Nermin,4 oder weniger,w
Nesa,4 oder weniger,w
Nessa,4 oder weniger,w
Neva,4 oder weniger,w
Neven,4 oder weniger,m
Nevio,4 oder weniger,m
Newmika,4 oder weniger,w
Neyla,4 oder weniger,w
Neza,4 oder weniger,w
Ngọc,4 oder weniger,w
Nhat,4 oder weniger,m
Nia,4 oder weniger,w
Niah,4 oder weniger,w
Niam,4 oder weniger,m
Niara,4 oder weniger,w
Niccolo,4 oder weniger,m
Nicholas,4 oder weniger,m
Nick,4 oder weniger,m
Nicklas,4 oder weniger,m
Nicole,4 oder weniger,w
Nicolò,4 oder weniger,m
Nieke,4 oder weniger,w
Niharika,4 oder weniger,w
Niilo,4 oder weniger,m
Nik,4 oder weniger,m
Nikan,4 oder weniger,m
Nike,4 oder weniger,w
Niki,4 oder weniger,w
Nikias,4 oder weniger,m
Nikita,4 oder weniger,m
Nikodem,4 oder weniger,m
Nikolai,4 oder weniger,m
Nikolaj,4 oder weniger,m
Nikolaos,4 oder weniger,m
Nikolas,4 oder weniger,m
Nikolaus,4 oder weniger,m
Nikolija,4 oder weniger,w
Nikolina,4 oder weniger,w
Nikša,4 oder weniger,m
Nil,4 oder weniger,m
Nilam,4 oder weniger,w
Nilay,4 oder weniger,m
Nilaya,4 oder weniger,w
Nilo,4 oder weniger,m
Nilou,4 oder weniger,w
Nils,4 oder weniger,m
Nilufer,4 oder weniger,w
Nimród,4 oder weniger,m
Nioh,4 oder weniger,m
Nir,4 oder weniger,m
Nira,4 oder weniger,w
Nirvaan,4 oder weniger,m
Nisa,4 oder weniger,w
Nitin,4 oder weniger,m
Nitya,4 oder weniger,w
Niuas,4 oder weniger,m
Niya,4 oder weniger,w
Njegoš,4 oder weniger,m
Nnenna,4 oder weniger,w
Noa,4 oder weniger,w
Noach,4 oder weniger,m
Noah-Sam,4 oder weniger,m
Noah-Ștefan,4 oder weniger,m
Noam,4 oder weniger,m
Nobla,4 oder weniger,w
Noé,4 oder weniger,m
Noël,4 oder weniger,m
Noela,4 oder weniger,w
Noelle,4 oder weniger,w
Noëmi,4 oder weniger,w
Nolan,4 oder weniger,m
Nole,4 oder weniger,m
Nomi,4 oder weniger,w
Nooa,4 oder weniger,m
Noor,4 oder weniger,w
Noor,4 oder weniger,m
Norah,4 oder weniger,w
Norbert,4 oder weniger,m
Noris-Constantin-Lucian,4 oder weniger,m
Noshdar,4 oder weniger,m
Nouhaila,4 oder weniger,w
Noura,4 oder weniger,w
Nour-Alislam,4 oder weniger,w
Nouran,4 oder weniger,w
Nova,4 oder weniger,w
Novak,4 oder weniger,m
Nuno,4 oder weniger,m
Nuoyi,4 oder weniger,w
Nur,4 oder weniger,w
Nurah,4 oder weniger,w
Nuri,4 oder weniger,m
Nuria,4 oder weniger,w
Nusrat,4 oder weniger,m
Nyra,4 oder weniger,w
Océane,4 oder weniger,w
Octavia,4 oder weniger,w
Octavian-Eduard,4 oder weniger,m
Oda,4 oder weniger,w
Odei,4 oder weniger,m
Odelia,4 oder weniger,w
Odeta,4 oder weniger,w
Odysseas,4 oder weniger,m
Ofure,4 oder weniger,w
Ognjen,4 oder weniger,m
Ognyan,4 oder weniger,m
Ogunshe,4 oder weniger,m
Ojas,4 oder weniger,m
Ojike,4 oder weniger,m
Oktay,4 oder weniger,m
Olaf,4 oder weniger,m
Olaniyi,4 oder weniger,m
Oleksandra,4 oder weniger,w
Oleksii,4 oder weniger,m
Olesya,4 oder weniger,w
Olexander,4 oder weniger,m
Olexandra,4 oder weniger,w
Olga,4 oder weniger,w
Oliv,4 oder weniger,w
Olivia-Maria,4 oder weniger,w
Oliwia,4 oder weniger,w
Oliwier,4 oder weniger,m
Olsa,4 oder weniger,w
Olunna,4 oder weniger,w
Oluwatobiloba,4 oder weniger,m
Om,4 oder weniger,m
Omer,4 oder weniger,m
Omid,4 oder weniger,m
Omowunmi,4 oder weniger,w
Omran,4 oder weniger,m
Omri,4 oder weniger,m
Ömür,4 oder weniger,w
Onno,4 oder weniger,m
Oona,4 oder weniger,w
Ophélie,4 oder weniger,w
Ore-Oluwa,4 oder weniger,w
Orest,4 oder weniger,m
Orestis,4 oder weniger,m
Orfeas,4 oder weniger,m
Orhan,4 oder weniger,m
Orika,4 oder weniger,w
Orlando,4 oder weniger,m
Osamwonamen,4 oder weniger,m
Osemen,4 oder weniger,m
Oslin,4 oder weniger,w
Othman,4 oder weniger,m
Otis,4 oder weniger,m
Ottilie,4 oder weniger,w
Otylia,4 oder weniger,w
Oumou,4 oder weniger,w
Ourelia,4 oder weniger,w
Ousayd,4 oder weniger,m
Ousmane,4 oder weniger,m
Owen,4 oder weniger,m
Öykü,4 oder weniger,w
Ozzy,4 oder weniger,w
Pala,4 oder weniger,w
Palina,4 oder weniger,w
Panagiotis,4 oder weniger,m
Panar,4 oder weniger,w
Paola,4 oder weniger,w
Paradie,4 oder weniger,w
Paraskevi,4 oder weniger,w
Pari,4 oder weniger,w
Pariyan,4 oder weniger,w
Parker,4 oder weniger,m
Parnian,4 oder weniger,w
Parniyan,4 oder weniger,w
Parsa,4 oder weniger,m
Parthenios,4 oder weniger,m
Pascal,4 oder weniger,m
Paschalia,4 oder weniger,w
Pashov,4 oder weniger,m
Pasquale,4 oder weniger,m
Patrice,4 oder weniger,m
Patricia,4 oder weniger,w
Patrick-Mihai,4 oder weniger,m
Patrik,4 oder weniger,m
Paul-Henry,4 oder weniger,m
Paulinus,4 oder weniger,m
Pavle,4 oder weniger,m
Pearl,4 oder weniger,w
Pearl,4 oder weniger,m
Pepe,4 oder weniger,m
Pera,4 oder weniger,w
Perijan,4 oder weniger,w
Perla,4 oder weniger,w
Petar,4 oder weniger,m
Petra,4 oder weniger,w
Petro,4 oder weniger,m
Petruța-Melania-Dimitria,4 oder weniger,w
Phelia,4 oder weniger,w
Phelina,4 oder weniger,w
Pheline,4 oder weniger,w
Phil,4 oder weniger,m
Phileas,4 oder weniger,m
Philina,4 oder weniger,w
Philine,4 oder weniger,w
Philipa,4 oder weniger,w
Philippe,4 oder weniger,m
Philippos,4 oder weniger,m
Phillip,4 oder weniger,m
Philo,4 oder weniger,m
Philomène,4 oder weniger,w
Philon,4 oder weniger,m
Phivos,4 oder weniger,m
Pía,4 oder weniger,w
Pina,4 oder weniger,w
Pinelopi,4 oder weniger,w
Pino,4 oder weniger,m
Piotr,4 oder weniger,m
Pippa,4 oder weniger,w
Piro,4 oder weniger,m
Pitt,4 oder weniger,m
Pius,4 oder weniger,m
Pnina,4 oder weniger,w
Poema,4 oder weniger,w
Pola,4 oder weniger,w
Polo,4 oder weniger,m
Poyraz,4 oder weniger,m
Praise,4 oder weniger,m
Praneel,4 oder weniger,m
Priscilla,4 oder weniger,w
Priya,4 oder weniger,w
Qaiser,4 oder weniger,m
Qamar,4 oder weniger,w
Qiana,4 oder weniger,w
Quang,4 oder weniger,m
Quentin,4 oder weniger,m
Quin,4 oder weniger,m
Quinn,4 oder weniger,m
Rachele,4 oder weniger,w
Raditya,4 oder weniger,m
Raef,4 oder weniger,m
Rafaela,4 oder weniger,w
Rafail,4 oder weniger,m
Rafan,4 oder weniger,m
Raffael,4 oder weniger,m
Raffaele,4 oder weniger,m
Raffaella,4 oder weniger,w
Rafi,4 oder weniger,m
Raghav,4 oder weniger,m
Raha,4 oder weniger,w
Rahim,4 oder weniger,m
Rahman,4 oder weniger,m
Rahmat,4 oder weniger,w
Rahmatoulay,4 oder weniger,w
Rahui,4 oder weniger,w
Raihana,4 oder weniger,w
Raissa,4 oder weniger,w
Raiyan,4 oder weniger,m
Raja,4 oder weniger,m
Rajan,4 oder weniger,m
Rakan,4 oder weniger,m
Rakim,4 oder weniger,m
Ramadan,4 oder weniger,m
Rami,4 oder weniger,m
Ramin,4 oder weniger,m
Ramo,4 oder weniger,m
Ramy,4 oder weniger,m
Ramza,4 oder weniger,w
Ran,4 oder weniger,m
Rana,4 oder weniger,w
Randell,4 oder weniger,m
Rangel,4 oder weniger,m
Raphaela,4 oder weniger,w
Raphaëlle,4 oder weniger,w
Raphael-Ramon,4 oder weniger,m
Rareş,4 oder weniger,m
Rashan,4 oder weniger,m
Rasheeda,4 oder weniger,w
Rasho,4 oder weniger,m
Rasmus,4 oder weniger,m
Rassan,4 oder weniger,m
Rauand,4 oder weniger,m
Rauda,4 oder weniger,w
Raul-Dimitrie,4 oder weniger,m
Rawan,4 oder weniger,w
Rayangnewende,4 oder weniger,m
Rayhan,4 oder weniger,w
Raymond,4 oder weniger,m
Rayssa,4 oder weniger,w
Rayyan,4 oder weniger,m
Rea,4 oder weniger,w
Real,4 oder weniger,m
Rebaone,4 oder weniger,m
Rebecca,4 oder weniger,w
Rebeka,4 oder weniger,w
Rebekka,4 oder weniger,w
Redwan,4 oder weniger,m
Regina,4 oder weniger,w
Rehan,4 oder weniger,m
Rehina,4 oder weniger,w
Rei,4 oder weniger,m
Reijan,4 oder weniger,m
Rejan,4 oder weniger,m
Rejana,4 oder weniger,w
Rejjan,4 oder weniger,m
Remi,4 oder weniger,m
Rémi,4 oder weniger,m
Remo,4 oder weniger,m
Rémy,4 oder weniger,m
Remzi,4 oder weniger,m
Renaldi,4 oder weniger,m
Renisa,4 oder weniger,w
Reotshepile,4 oder weniger,m
Reschuan,4 oder weniger,m
Reshat,4 oder weniger,m
Reva,4 oder weniger,w
Rewan,4 oder weniger,m
Rewin,4 oder weniger,w
Rey,4 oder weniger,m
Reyan,4 oder weniger,m
Reyansh,4 oder weniger,m
Reyhan,4 oder weniger,w
Reyyan,4 oder weniger,w
Rhea,4 oder weniger,w
Rhea-Maria,4 oder weniger,w
Rheya,4 oder weniger,w
Rhita,4 oder weniger,w
Rhythm,4 oder weniger,m
Ria,4 oder weniger,w
Rian,4 oder weniger,m
Riana,4 oder weniger,w
Riaz,4 oder weniger,m
Rica,4 oder weniger,w
Ricardo,4 oder weniger,m
Riccardo,4 oder weniger,m
Richard,4 oder weniger,m
Ridvan,4 oder weniger,m
Ridwan,4 oder weniger,m
Rifka,4 oder weniger,w
Riga,4 oder weniger,w
Rigo,4 oder weniger,m
Rihaan,4 oder weniger,m
Rihana,4 oder weniger,w
Rijad,4 oder weniger,m
Riku,4 oder weniger,m
Riley,4 oder weniger,w
Rimas,4 oder weniger,w
Rinaan,4 oder weniger,m
Rinesa,4 oder weniger,w
Rino,4 oder weniger,m
Rio,4 oder weniger,m
Rion,4 oder weniger,m
Rishan,4 oder weniger,m
Rishi,4 oder weniger,m
Rishika,4 oder weniger,w
Rishit,4 oder weniger,m
Rithanshi,4 oder weniger,w
Riyan,4 oder weniger,m
Riyana,4 oder weniger,w
Riza,4 oder weniger,m
Roan,4 oder weniger,m
Roberto,4 oder weniger,m
Robin,4 oder weniger,w
Robyn,4 oder weniger,w
Rocko,4 oder weniger,m
Rodrigo,4 oder weniger,m
Roel,4 oder weniger,m
Roen,4 oder weniger,m
Rohan,4 oder weniger,m
Roi,4 oder weniger,m
Roko,4 oder weniger,m
Romain,4 oder weniger,m
Romane,4 oder weniger,w
Romeo,4 oder weniger,m
Romi,4 oder weniger,w
Romina,4 oder weniger,w
Ron,4 oder weniger,m
Ronav,4 oder weniger,m
Roni,4 oder weniger,m
Rony,4 oder weniger,m
Ronya,4 oder weniger,w
Rosalia,4 oder weniger,w
Rosalin,4 oder weniger,w
Rosanna,4 oder weniger,w
Rose,4 oder weniger,w
Rosemarie,4 oder weniger,w
Rose-Therese,4 oder weniger,w
Rosi,4 oder weniger,w
Rosie,4 oder weniger,w
Roslin,4 oder weniger,w
Rosmarie,4 oder weniger,w
Rowan,4 oder weniger,m
Roxani,4 oder weniger,w
Roxelane,4 oder weniger,w
Roza,4 oder weniger,w
Rozalie,4 oder weniger,w
Rua,4 oder weniger,w
Ruben,4 oder weniger,m
Rubina,4 oder weniger,w
Rudra,4 oder weniger,m
Rudransh,4 oder weniger,m
Rufaidah,4 oder weniger,w
Rufta,4 oder weniger,w
Ruhan,4 oder weniger,m
Ruhanshi,4 oder weniger,w
Ruhi,4 oder weniger,w
Rukayya,4 oder weniger,w
Rumejsa,4 oder weniger,w
Rumeysa,4 oder weniger,w
Rushika,4 oder weniger,w
Ruslan,4 oder weniger,m
Ruth,4 oder weniger,w
Ruven,4 oder weniger,m
Ruvin,4 oder weniger,m
Rüya,4 oder weniger,w
Rüzgar,4 oder weniger,m
Ryan,4 oder weniger,m
Ryker,4 oder weniger,m
Rylie,4 oder weniger,w
Saabir,4 oder weniger,m
Saad,4 oder weniger,m
Sabahat,4 oder weniger,w
Saban,4 oder weniger,m
Sabin-Stefan,4 oder weniger,m
Sabir,4 oder weniger,m
Sabo,4 oder weniger,m
Sabrin,4 oder weniger,w
Sabrina,4 oder weniger,w
Sabur,4 oder weniger,m
Sade,4 oder weniger,w
Sadia,4 oder weniger,w
Sadiik,4 oder weniger,m
Safa,4 oder weniger,w
Safeera,4 oder weniger,w
Safija,4 oder weniger,w
Safin,4 oder weniger,m
Safinaz,4 oder weniger,w
Safiya,4 oder weniger,w
Safr,4 oder weniger,m
Sahana,4 oder weniger,w
Sahar,4 oder weniger,w
Saibo,4 oder weniger,m
Said,4 oder weniger,m
Saif,4 oder weniger,m
Saifeddin,4 oder weniger,m
Sajda,4 oder weniger,w
Sajra,4 oder weniger,w
Sakariye,4 oder weniger,m
Sakina,4 oder weniger,w
Salahaldin,4 oder weniger,m
Salieunatu,4 oder weniger,w
Salih,4 oder weniger,m
Saliha,4 oder weniger,w
Salim,4 oder weniger,m
Salima,4 oder weniger,w
Salina,4 oder weniger,w
Salma,4 oder weniger,w
Salsabeel,4 oder weniger,w
Salvatore,4 oder weniger,m
Sama,4 oder weniger,w
Samanta,4 oder weniger,w
Samantha,4 oder weniger,w
Samara,4 oder weniger,w
Samia,4 oder weniger,w
Samim,4 oder weniger,m
Samina,4 oder weniger,w
Samira,4 oder weniger,w
Sampo,4 oder weniger,m
Samson,4 oder weniger,m
Samuele,4 oder weniger,m
Samyan,4 oder weniger,m
Samyar,4 oder weniger,m
San,4 oder weniger,m
Sana,4 oder weniger,w
Sanad,4 oder weniger,m
Sanah,4 oder weniger,w
Sanaya,4 oder weniger,w
Sanaz,4 oder weniger,w
Sandi,4 oder weniger,w
Sandra,4 oder weniger,w
Sandress,4 oder weniger,m
Sandro,4 oder weniger,m
Sanel,4 oder weniger,m
Sanila,4 oder weniger,w
Sanna,4 oder weniger,w
Santi,4 oder weniger,m
Santiago,4 oder weniger,m
Sarah-Marie,4 oder weniger,w
Sare,4 oder weniger,w
Sarhad,4 oder weniger,m
Sarim,4 oder weniger,m
Sarthak,4 oder weniger,m
Sascha,4 oder weniger,m
Sava,4 oder weniger,m
Savannah,4 oder weniger,w
Savaş,4 oder weniger,m
Saya,4 oder weniger,w
Sayan,4 oder weniger,m
Sayed,4 oder weniger,m
Sayesha,4 oder weniger,w
Sayim,4 oder weniger,m
Sayit,4 oder weniger,m
Scarlett,4 oder weniger,w
Schiluan,4 oder weniger,m
Schlomo,4 oder weniger,m
Sea,4 oder weniger,w
Seán,4 oder weniger,m
Sebastien,4 oder weniger,m
Sedija,4 oder weniger,w
Seenaa,4 oder weniger,w
Sefa,4 oder weniger,w
Sekinat,4 oder weniger,w
Selda,4 oder weniger,w
Selen,4 oder weniger,w
Selena,4 oder weniger,w
Selihom,4 oder weniger,m
Selim,4 oder weniger,m
Sellin,4 oder weniger,w
Selmen,4 oder weniger,m
Selva,4 oder weniger,w
Sema,4 oder weniger,w
Senad,4 oder weniger,m
Sengül,4 oder weniger,w
Senta,4 oder weniger,w
Serabelle,4 oder weniger,w
Serafin,4 oder weniger,m
Serafine,4 oder weniger,w
Seren,4 oder weniger,w
Serena,4 oder weniger,w
Sergej,4 oder weniger,m
Serife,4 oder weniger,w
Serkan,4 oder weniger,m
Serra,4 oder weniger,w
Seva,4 oder weniger,w
Sevcan,4 oder weniger,w
Severin,4 oder weniger,m
Sevgi,4 oder weniger,w
Seyed,4 oder weniger,m
Seyit,4 oder weniger,m
Seyran,4 oder weniger,w
Shabin,4 oder weniger,w
Shadi,4 oder weniger,w
Shahan,4 oder weniger,m
Shahdes,4 oder weniger,w
Shaheer,4 oder weniger,m
Shaila-Mia,4 oder weniger,w
Shakira,4 oder weniger,w
Shams,4 oder weniger,w
Shamuel,4 oder weniger,m
Shanaya,4 oder weniger,w
Shania,4 oder weniger,w
Shannon,4 oder weniger,w
Shanwanth,4 oder weniger,m
Shanzay,4 oder weniger,w
Sharayu,4 oder weniger,w
Shareef,4 oder weniger,m
Shaurya,4 oder weniger,m
Shawqi,4 oder weniger,m
Shaya,4 oder weniger,w
Shayan,4 oder weniger,m
Shehzel,4 oder weniger,w
Sheikh,4 oder weniger,w
Shervan,4 oder weniger,m
Shifaa,4 oder weniger,w
Shiqi,4 oder weniger,w
Shivansh,4 oder weniger,m
Shlok,4 oder weniger,m
Shoaib,4 oder weniger,m
Shorolipi,4 oder weniger,w
Shpend,4 oder weniger,m
Shriyan,4 oder weniger,m
Shu,4 oder weniger,w
Shyala,4 oder weniger,w
Shyla,4 oder weniger,w
Siana,4 oder weniger,w
Siar,4 oder weniger,m
Siara,4 oder weniger,w
Siavash,4 oder weniger,m
Sibtain,4 oder weniger,m
Siddharth,4 oder weniger,m
Sidra,4 oder weniger,w
Siena,4 oder weniger,w
Sienna,4 oder weniger,w
Sierra,4 oder weniger,w
Sigmael,4 oder weniger,m
Sigrún,4 oder weniger,w
Sihaam,4 oder weniger,w
Siira,4 oder weniger,w
Sijara,4 oder weniger,w
Sila,4 oder weniger,w
Silvan,4 oder weniger,m
Silvia,4 oder weniger,w
Silviu-Nikolas,4 oder weniger,m
Simeon,4 oder weniger,m
Simina-Ioana,4 oder weniger,w
Simona,4 oder weniger,w
Sina,4 oder weniger,w
Sinan,4 oder weniger,m
Sinem,4 oder weniger,w
Siraj,4 oder weniger,m
Sirine,4 oder weniger,w
Sivan,4 oder weniger,m
Siya,4 oder weniger,w
Siyamand,4 oder weniger,m
Siyana,4 oder weniger,w
Sky,4 oder weniger,w
Skye,4 oder weniger,w
Sltan,4 oder weniger,m
Smilla,4 oder weniger,w
Snejana,4 oder weniger,w
Sobia,4 oder weniger,w
Soe,4 oder weniger,w
Sofi,4 oder weniger,w
Sofía,4 oder weniger,w
Sofja,4 oder weniger,w
Sohail,4 oder weniger,m
Sohishnu,4 oder weniger,m
Sokol,4 oder weniger,m
Sokratis,4 oder weniger,m
Sol,4 oder weniger,w
Solaiman,4 oder weniger,m
Sole,4 oder weniger,w
Solea,4 oder weniger,w
Soleen,4 oder weniger,w
Soley,4 oder weniger,w
Solice,4 oder weniger,w
Solîn-Stêrk,4 oder weniger,w
Solomiia,4 oder weniger,w
Solomon,4 oder weniger,m
Solvi,4 oder weniger,w
Soma,4 oder weniger,m
Somaya,4 oder weniger,w
Soner,4 oder weniger,m
Sonia,4 oder weniger,w
Sonja,4 oder weniger,w
Sorin,4 oder weniger,m
Sota,4 oder weniger,w
Sotiria,4 oder weniger,w
Soufian,4 oder weniger,m
Souley-Noah,4 oder weniger,m
Souline,4 oder weniger,w
Souzana,4 oder weniger,w
Spiros,4 oder weniger,m
Spyridon,4 oder weniger,m
Srishti,4 oder weniger,w
Srna,4 oder weniger,w
Ștefan,4 oder weniger,m
Stefania,4 oder weniger,w
Stefania-Maria,4 oder weniger,w
Stefanos,4 oder weniger,m
Steffen,4 oder weniger,m
Stela,4 oder weniger,w
Stevka,4 oder weniger,w
Stina,4 oder weniger,w
Stine,4 oder weniger,w
Stipe,4 oder weniger,m
Stjepan,4 oder weniger,m
Stoli,4 oder weniger,w
Stylian,4 oder weniger,m
Suad,4 oder weniger,m
Suana,4 oder weniger,w
Subair,4 oder weniger,m
Subhan,4 oder weniger,m
Success,4 oder weniger,w
Sudais,4 oder weniger,m
Sudaysi,4 oder weniger,m
Suela,4 oder weniger,w
Suhayb,4 oder weniger,m
Sulaiman,4 oder weniger,m
Sulaymon,4 oder weniger,m
Suleiman,4 oder weniger,m
Suleyman,4 oder weniger,m
Süleyman,4 oder weniger,m
Sultan,4 oder weniger,m
Sumaya,4 oder weniger,w
Sumayya,4 oder weniger,w
Sumeja,4 oder weniger,w
Sumejja,4 oder weniger,w
Summer,4 oder weniger,w
Sünje,4 oder weniger,w
Surah,4 oder weniger,w
Suri,4 oder weniger,w
Surya,4 oder weniger,m
Suryavardhan,4 oder weniger,m
Suuban,4 oder weniger,w
Sven,4 oder weniger,m
Svetlana,4 oder weniger,w
Swara,4 oder weniger,w
Swasti,4 oder weniger,w
Sybille,4 oder weniger,w
Syed,4 oder weniger,m
Syeda,4 oder weniger,w
Sylvie,4 oder weniger,w
Szymon,4 oder weniger,m
Taavi,4 oder weniger,m
Tabassom,4 oder weniger,w
Tabea,4 oder weniger,w
Tadej,4 oder weniger,m
Tag,4 oder weniger,w
Taha,4 oder weniger,m
Tahora,4 oder weniger,w
Taim,4 oder weniger,m
Taio,4 oder weniger,m
Taira,4 oder weniger,w
Taissija,4 oder weniger,w
Tajar,4 oder weniger,m
Takumi,4 oder weniger,m
Talea,4 oder weniger,w
Talha,4 oder weniger,m
Talin,4 oder weniger,w
Talya,4 oder weniger,w
Tâm,4 oder weniger,w
Taman,4 oder weniger,m
Tameo,4 oder weniger,m
Tamido,4 oder weniger,m
Tamika,4 oder weniger,w
Tamim,4 oder weniger,m
Tamina,4 oder weniger,w
Tamino,4 oder weniger,m
Tamir,4 oder weniger,m
Tamira,4 oder weniger,w
Tamiro,4 oder weniger,m
Tamo,4 oder weniger,m
Tần,4 oder weniger,m
Tanirt,4 oder weniger,w
Tanja,4 oder weniger,w
Tanvi,4 oder weniger,w
Tanvish,4 oder weniger,m
Tanya,4 oder weniger,w
Tareek,4 oder weniger,m
Tarik,4 oder weniger,m
Tarit,4 oder weniger,m
Taro,4 oder weniger,m
Tatiana,4 oder weniger,w
Tatjana,4 oder weniger,w
Taulant,4 oder weniger,m
Taylan,4 oder weniger,m
Tayler,4 oder weniger,m
Tayo,4 oder weniger,m
Tea,4 oder weniger,w
Teddy,4 oder weniger,m
Tejsai,4 oder weniger,m
Tenzin,4 oder weniger,m
Teodora,4 oder weniger,w
Teodoro,4 oder weniger,m
Teoman,4 oder weniger,m
Teona,4 oder weniger,w
Tera,4 oder weniger,w
Teresa,4 oder weniger,w
Tereza,4 oder weniger,w
Tessa,4 oder weniger,w
Thaaragai,4 oder weniger,w
Thala,4 oder weniger,w
Thalia,4 oder weniger,w
Theano,4 oder weniger,w
Theja,4 oder weniger,w
Thekla,4 oder weniger,w
Théo,4 oder weniger,m
Theodora,4 oder weniger,w
Theodore,4 oder weniger,m
Théodore,4 oder weniger,m
Theodoros,4 oder weniger,m
Therese,4 oder weniger,w
Theresia,4 oder weniger,w
Thiago,4 oder weniger,m
Thibo,4 oder weniger,m
Thien,4 oder weniger,m
Thigal,4 oder weniger,m
Thilo,4 oder weniger,m
Thoma,4 oder weniger,m
Thomas-Alexander,4 oder weniger,m
Thor,4 oder weniger,m
Thorin,4 oder weniger,m
Tiam,4 oder weniger,m
Tian,4 oder weniger,m
Tiar,4 oder weniger,m
Tiara,4 oder weniger,w
Tichon,4 oder weniger,m
Tiffany,4 oder weniger,w
Tijl,4 oder weniger,m
Til,4 oder weniger,m
Tilia,4 oder weniger,w
Tilla,4 oder weniger,w
Tillmann,4 oder weniger,m
Tilman,4 oder weniger,m
Tilo,4 oder weniger,m
Timeea,4 oder weniger,w
Timeo,4 oder weniger,m
Timofey,4 oder weniger,m
Timon,4 oder weniger,m
Timotei,4 oder weniger,m
Timothée,4 oder weniger,m
Timothy-Paul,4 oder weniger,m
Timur,4 oder weniger,m
Timurhan,4 oder weniger,m
Tin,4 oder weniger,m
Tina,4 oder weniger,w
Tira,4 oder weniger,w
Titus,4 oder weniger,m
Tiyan,4 oder weniger,m
Tizian,4 oder weniger,m
Tiziano,4 oder weniger,m
Tjark,4 oder weniger,m
Todor,4 oder weniger,m
Tomás,4 oder weniger,m
Tomasz,4 oder weniger,m
Tomislav,4 oder weniger,m
Tommaso,4 oder weniger,m
Tomme,4 oder weniger,m
Tommy,4 oder weniger,m
Toni,4 oder weniger,w
Tonino,4 oder weniger,m
Tony,4 oder weniger,m
Torin,4 oder weniger,m
Toto,4 oder weniger,m
Tova,4 oder weniger,w
Trần,4 oder weniger,m
Trayce,4 oder weniger,m
Trevor,4 oder weniger,m
Triana,4 oder weniger,w
Trim,4 oder weniger,m
Tris,4 oder weniger,m
Tristan,4 oder weniger,m
Trixi,4 oder weniger,w
Trojan,4 oder weniger,m
Tuana,4 oder weniger,w
Tudor,4 oder weniger,m
Tugay,4 oder weniger,m
Tunay,4 oder weniger,m
Tvisha,4 oder weniger,w
Tyrese,4 oder weniger,m
Ubejd,4 oder weniger,m
Ucheena,4 oder weniger,w
Ugo,4 oder weniger,m
Uliana,4 oder weniger,w
Uma,4 oder weniger,w
Umama,4 oder weniger,w
Umihana,4 oder weniger,w
Umna,4 oder weniger,w
Umrah,4 oder weniger,w
Umut,4 oder weniger,m
Unejsa,4 oder weniger,w
Unik,4 oder weniger,m
Uras,4 oder weniger,m
Uraz,4 oder weniger,m
Uroš,4 oder weniger,m
Ursula,4 oder weniger,w
Usman,4 oder weniger,m
Usmon,4 oder weniger,m
Utkarsh,4 oder weniger,m
Uwais,4 oder weniger,m
Uzay,4 oder weniger,m
Vadisa,4 oder weniger,w
Vaidehi,4 oder weniger,w
Valeri,4 oder weniger,m
Valerian,4 oder weniger,m
Valeriia,4 oder weniger,w
Valerio,4 oder weniger,m
Valerios,4 oder weniger,m
Valli,4 oder weniger,w
Vamika,4 oder weniger,w
Văn,4 oder weniger,m
Vanellope,4 oder weniger,w
Vanessa,4 oder weniger,w
Vanessa-Maria,4 oder weniger,w
Vanja,4 oder weniger,w
Vanshika,4 oder weniger,w
Varish,4 oder weniger,m
Varvara,4 oder weniger,w
Vasco,4 oder weniger,m
Vasil,4 oder weniger,m
Vasileios,4 oder weniger,m
Vasiliana,4 oder weniger,w
Vasilije,4 oder weniger,m
Vasiliki,4 oder weniger,w
Vassilios,4 oder weniger,m
Vatsal,4 oder weniger,m
Ved,4 oder weniger,m
Vedad,4 oder weniger,m
Vedant,4 oder weniger,m
Vedanth,4 oder weniger,m
Vedin,4 oder weniger,m
Veer,4 oder weniger,m
Veit,4 oder weniger,m
Veli,4 oder weniger,m
Veronica,4 oder weniger,w
Vesa,4 oder weniger,w
Veselin,4 oder weniger,m
Vian,4 oder weniger,w
Viana,4 oder weniger,w
Vibhanshu,4 oder weniger,m
Vicente,4 oder weniger,m
Vicky,4 oder weniger,w
Vida,4 oder weniger,w
Vidhun,4 oder weniger,m
Viggo,4 oder weniger,m
Viha,4 oder weniger,w
Vihaan,4 oder weniger,m
Viktorija-Ilana,4 oder weniger,w
Vildan,4 oder weniger,w
Vili,4 oder weniger,m
Vilma,4 oder weniger,w
Vin,4 oder weniger,m
Vince,4 oder weniger,m
Vincenzo,4 oder weniger,m
Vinzent,4 oder weniger,m
Vinzenz,4 oder weniger,m
Violetta,4 oder weniger,w
Viraj,4 oder weniger,m
Virna,4 oder weniger,w
Vita,4 oder weniger,w
Vitoria,4 oder weniger,w
Vittoria,4 oder weniger,w
Vitus,4 oder weniger,m
Vivi,4 oder weniger,w
Vivian,4 oder weniger,w
Vivien,4 oder weniger,w
Vladimir,4 oder weniger,m
Vlera,4 oder weniger,w
Vriddhi,4 oder weniger,w
Vũ,4 oder weniger,m
Vuk,4 oder weniger,w
Vuk,4 oder weniger,m
Vukan,4 oder weniger,m
Vukasin,4 oder weniger,m
Vukašin,4 oder weniger,m
Wahida,4 oder weniger,w
Walter,4 oder weniger,m
Wanda,4 oder weniger,w
Warren,4 oder weniger,m
Warsame,4 oder weniger,m
Warwara,4 oder weniger,w
Watan,4 oder weniger,m
Wateen,4 oder weniger,w
Waverly,4 oder weniger,w
Wendolin,4 oder weniger,m
Wera,4 oder weniger,w
Wiktor,4 oder weniger,m
Wilhelm,4 oder weniger,m
Willem,4 oder weniger,m
Willibald,4 oder weniger,m
Willio,4 oder weniger,m
Willy,4 oder weniger,m
Winnie,4 oder weniger,w
Winston,4 oder weniger,m
Wisdom,4 oder weniger,m
Wolfgang,4 oder weniger,m
Xamira,4 oder weniger,w
Xaviar,4 oder weniger,m
Xenia,4 oder weniger,w
Xheladin,4 oder weniger,m
Xiamu,4 oder weniger,w
Xiao,4 oder weniger,m
Xiaokai,4 oder weniger,m
Yaashvisree,4 oder weniger,w
Yaathvikan,4 oder weniger,m
Yacoub,4 oder weniger,m
Yad,4 oder weniger,m
Yade,4 oder weniger,w
Yael,4 oder weniger,w
Yaël,4 oder weniger,w
Yafet,4 oder weniger,m
Yagiz,4 oder weniger,m
Yagmur,4 oder weniger,w
Yahya,4 oder weniger,m
Yakiv,4 oder weniger,m
Yakoub,4 oder weniger,m
Yakout,4 oder weniger,w
Yakub,4 oder weniger,m
Yakup,4 oder weniger,m
Yalda,4 oder weniger,w
Yaman,4 oder weniger,m
Yamila,4 oder weniger,w
Yan,4 oder weniger,m
Yana,4 oder weniger,w
Yanis,4 oder weniger,m
Yann,4 oder weniger,m
Yannes,4 oder weniger,m
Yannick,4 oder weniger,m
Yannik,4 oder weniger,m
Yannis,4 oder weniger,m
Yano,4 oder weniger,m
Yanxi,4 oder weniger,w
Yanyi,4 oder weniger,m
Yaqoub,4 oder weniger,m
Yaqub,4 oder weniger,m
Yarah,4 oder weniger,w
Yara-Joana,4 oder weniger,w
Yaren,4 oder weniger,w
Yaron,4 oder weniger,m
Yarub,4 oder weniger,m
Yaryna,4 oder weniger,w
Yasemin,4 oder weniger,w
Yashica,4 oder weniger,w
Yasir,4 oder weniger,m
Yasmeen,4 oder weniger,w
Yasmin,4 oder weniger,w
Yasmina,4 oder weniger,w
Yasmine,4 oder weniger,w
Yasna,4 oder weniger,w
Yassin,4 oder weniger,m
Yassir,4 oder weniger,m
Yavuz,4 oder weniger,m
Yazan,4 oder weniger,m
Yazdan,4 oder weniger,m
Yazel,4 oder weniger,w
Yeabsera,4 oder weniger,m
Yehin,4 oder weniger,m
Yelyzaveta,4 oder weniger,w
Yemariam,4 oder weniger,w
Yemina,4 oder weniger,w
Yeseniia,4 oder weniger,w
Yesong,4 oder weniger,w
Yeva,4 oder weniger,w
Yian,4 oder weniger,w
Yichen,4 oder weniger,m
Yiğit,4 oder weniger,m
Yi-Heng,4 oder weniger,m
Yinuo,4 oder weniger,w
Yiqi,4 oder weniger,m
Ylli,4 oder weniger,m
Ylvi,4 oder weniger,w
Ylvie,4 oder weniger,w
Yoadan,4 oder weniger,w
Yoan,4 oder weniger,m
Yoann,4 oder weniger,m
Yoanna,4 oder weniger,w
Yoel,4 oder weniger,m
Yonas,4 oder weniger,m
Yonona,4 oder weniger,w
Yorck,4 oder weniger,m
Yorin,4 oder weniger,m
Yosef,4 oder weniger,m
Yosra,4 oder weniger,w
Younas,4 oder weniger,m
Younes,4 oder weniger,m
Youri,4 oder weniger,m
Yousef,4 oder weniger,m
Yousof,4 oder weniger,m
Youssouf,4 oder weniger,m
Youssra,4 oder weniger,w
Yousuf,4 oder weniger,m
Youtang,4 oder weniger,w
Yubing,4 oder weniger,w
Yukta,4 oder weniger,w
Yuliya,4 oder weniger,w
Yuma,4 oder weniger,w
Yumo,4 oder weniger,m
Yuna,4 oder weniger,w
Yunes,4 oder weniger,m
Yunis,4 oder weniger,m
Yun-Le,4 oder weniger,m
Yunus,4 oder weniger,m
Yunyi,4 oder weniger,m
Yunze,4 oder weniger,m
Yuqiao,4 oder weniger,m
Yusef,4 oder weniger,m
Yusha,4 oder weniger,m
Yusra,4 oder weniger,w
Yusra-Imani,4 oder weniger,w
Yussra,4 oder weniger,w
Yusupmuhammet,4 oder weniger,m
Yuthika,4 oder weniger,w
Yuvaan,4 oder weniger,m
Yuval,4 oder weniger,m
Yuzuki,4 oder weniger,w
Yva,4 oder weniger,w
Yves,4 oder weniger,m
Zachary,4 oder weniger,m
Zaha,4 oder weniger,w
Zahwa,4 oder weniger,w
Zainab,4 oder weniger,w
Zaira,4 oder weniger,w
Zakaria,4 oder weniger,m
Zalman,4 oder weniger,m
Zana,4 oder weniger,w
Zara,4 oder weniger,w
Zara-Hevin,4 oder weniger,w
Zaryab,4 oder weniger,m
Zaviar,4 oder weniger,m
Zaya,4 oder weniger,m
Zayd,4 oder weniger,m
Zayna,4 oder weniger,w
Zayyan,4 oder weniger,m
Zehra,4 oder weniger,w
Zeineldin,4 oder weniger,m
Zejn,4 oder weniger,m
Zejna,4 oder weniger,w
Zejneb,4 oder weniger,w
Zelal,4 oder weniger,w
Zen,4 oder weniger,m
Zeno,4 oder weniger,m
Zerin,4 oder weniger,w
Zerya,4 oder weniger,w
Zeyd,4 oder weniger,m
Zeyla,4 oder weniger,w
Zeyneb,4 oder weniger,w
Zeyn-Malik,4 oder weniger,m
Zhili,4 oder weniger,m
Zhiqin,4 oder weniger,w
Ziaan,4 oder weniger,m
Ziad,4 oder weniger,m
Zian,4 oder weniger,m
Zidan,4 oder weniger,m
Ziggy,4 oder weniger,m
Zinédine,4 oder weniger,m
Zion,4 oder weniger,m
Zirwa,4 oder weniger,w
Zita,4 oder weniger,w
Ziv,4 oder weniger,m
Ziva,4 oder weniger,w
Zlata,4 oder weniger,w
Zoë,4 oder weniger,w
Zoey,4 oder weniger,w
Zofia,4 oder weniger,w
Zoha,4 oder weniger,w
Zohal,4 oder weniger,w
Zohur,4 oder weniger,m
Zola,4 oder weniger,w
Zornitsa,4 oder weniger,w
Zoya,4 oder weniger,w
Zrinka,4 oder weniger,w
Zubeida,4 oder weniger,w
Zuhair,4 oder weniger,m
Zulqarnayn,4 oder weniger,m
Zuzanna,4 oder weniger,w
Zvezdiyan,4 oder weniger,m
Zyan,4 oder weniger,m
